Workbook

Sheet LEEME
A1: PLANILLA UNIFICADA DE CÁLCULO ESTRUCTURAL – VIVIENDAS Y ESTRUCTURAS SIMPLES
A2: Enfoque Ingeniería · Versión 1.1 · Basada en 'PROYECTO_DE_CALCULO.xlsx' (revisada, corregida y unificada) · CIRSOC 101, 201 e INPRES-CIRSOC 103
B4: Cómo se usa
B5: 1) Cargá los datos comunes en 'Datos' (hormigón, acero, suelo, mampostería).
B6: 2) En 'Cargas' elegí los materiales de cada nivel (listas desplegables) y las sobrecargas.
B7: 3) Cargá y verificá losas, vigas, viguetas/correas y columnas (celdas amarillas).
B8: 4) Definí la acción sísmica en 'Sismo 1', distribuí en planta en 'Sismo 2' y verificá 'Muros'.
B9: 5) Verificá fundaciones. 6) Revisá la hoja 'Resumen': todo debe figurar CUMPLE o '–'.
B10: Los datos cargados son de una vivienda de EJEMPLO: reemplazarlos por los del proyecto. Para agregar más elementos, completar las filas vacías de cada tabla.
B12: Código de colores
B13: Dato de entrada (editable)
B14: Fórmula (no modificar)
B15: Valor traído de otra hoja
B16: CUMPLE
... B20: Hojas del libro
B21: Hoja | C21: Contenido | D21: Norma de referencia
B22: Resumen | C22: Estado de verificaciones y datos clave
B23: Datos | C23: Proyecto, hormigón, acero, suelo, mampostería | D23: CIRSOC 201 · INPRES-CIRSOC 103-III
B24: Cargas | C24: Análisis de cargas y combinaciones | D24: CIRSOC 101 · CIRSOC 201 §9.2
B25: Losas | C25: Losas macizas en una dirección | D25: CIRSOC 201 cap. 7–11
B26: Viguetas y Correas | C26: Viguetas pretensadas y correas de madera | D26: Catálogo · CIRSOC 601
B27: Vigas | C27: Vigas de H°A°: flexión y corte | D27: CIRSOC 201 cap. 9–11
B28: Columnas | C28: Flexocompresión y estribos | D28: CIRSOC 201 cap. 7 y 10
B29: Interaccion | C29: Diagramas P–M (cálculo de apoyo) | D29: CIRSOC 201 §9.3, §10.2
B30: Sismo 1 Accion | C30: Espectro, C, pesos y corte basal | D30: INPRES-CIRSOC 103 Parte I
B31: Sismo 2 Distribucion | C31: Centros de masa y rigidez, torsión y reparto | D31: INPRES-CIRSOC 103 Parte I
B32: Muros | C32: Corte en mampostería y tabiques de H°A° | D32: INPRES-CIRSOC 103 Parte III · CIRSOC 201 §11.10
B33: Voladizos | C33: Columnas en voladizo y componentes no estructurales | D33: INPRES-CIRSOC 103 Parte I
B34: Fundaciones | C34: Cimientos corridos y bases aisladas | D34: CIRSOC 201 cap. 15
B35: Tablas / Tablas Sismo | C35: Datos de consulta | D35: CIRSOC 101 · INPRES-CIRSOC 103
B36: Cambios | C36: Registro de correcciones respecto del original
B38: Versión 1.1 – correcciones respecto de la 1.0
B39: • Losas: se agrega el esquema 'Voladizo' (el ejemplo L3 estaba calculado como simplemente apoyada) y el corte usa el d de la armadura de apoyo.
B40: • Resumen: se eliminan las funciones TEXT() (daban resultados distintos según la configuración regional de Excel).
B41: • Columnas: la búsqueda del punto del diagrama usa SUMPRODUCT en lugar de BUSCAR con orden descendente (más robusto en Excel).
B42: • Viguetas: las series se rotulan 'Serie 3a', etc.; antes la serie '0' se convertía en número al elegirla de la lista y daba error.
B43: • Formato: alturas de fila ajustadas para que no se corten textos; etiquetas de f1 más cortas; filas de Cargas más altas para descripciones largas.
B45: Alcance y limitaciones
B46: • Es una herramienta de apoyo: los resultados deben ser verificados y firmados por el profesional responsable. Los valores de ejemplo (cargas, suelo, secciones) NO son de un proyecto real.
B47: • No incluye: viento (CIRSOC 102), nieve (CIRSOC 104), torsión en vigas, vigas T, losas en dos direcciones, análisis de pórticos, efectos de segundo orden, ni el detallado sismorresistente de CIRSOC 201 cap. 21 e INPRES-CIRSOC 103 Parte II.
B48: • Pendiente de migrar: encadenados de mampostería (INPRES-CIRSOC 103 Parte III, Art. 4.5) y elementos de borde de tabiques (la hoja original 'Incrementos Sísmicos' usaba tensiones admisibles).
B49: • Valores de R, Cd, Ωo, tabla de f'm y f'v y coeficientes de componentes (Cap. 10) están transcriptos de la planilla original o de tablas indicativas: confirmarlos con la edición vigente del reglamento antes de usar en un proyecto.
B50: • Criterios de CIRSOC 201 citados por artículo (recubrimientos, separaciones, mínimos) deben confirmarse con la edición vigente.

Sheet Resumen
A1: RESUMEN DE VERIFICACIONES Y RESULTADOS CLAVE
A2: Tablero general: cuenta cuántas verificaciones de cada módulo cumplen, no cumplen o quedan por revisar. Un módulo sin datos cargados figura con '–'.
B4: Verificaciones por módulo
B5: Módulo | C5: Verificaciones | D5: CUMPLE | E5: NO CUMPLE | F5: REVISAR / AUMENTAR | G5: Estado | H5: Ir a la hoja
B6: Losas | C6: =D6+E6+F6 -> 13 | D6: =COUNTIF(Losas!J6:J11,"CUMPLE")+COUNTIF(Losas!J6:J11,"OK")+COUNTIF(Losas!N26:N31,"CUMPLE")+COUNTIF(Losas!N26:N31,"OK")+COUNTIF(Losas!N36:N41,"CUMPLE")+COUNTIF(Losas!N36:N41,"OK")+COUNTIF(Losas!F45:F50,"CUMPLE")+COUNTIF(Losas!F45:F50,"OK")+COUNTIF(Losas!L45:L50,"CUMPLE")+COUNTIF(Losas!L45:L50,"OK") -> 13 | E6: =COUNTIF(Losas!J6:J11,"NO CUMPLE")+COUNTIF(Losas!N26:N31,"NO CUMPLE")+COUNTIF(Losas!N36:N41,"NO CUMPLE")+COUNTIF(Losas!F45:F50,"NO CUMPLE")+COUNTIF(Losas!L45:L50,"NO CUMPLE") -> 0 | F6: =COUNTIF(Losas!J6:J11,"REVISAR*")+COUNTIF(Losas!J6:J11,"AUMENTAR*")+COUNTIF(Losas!N26:N31,"REVISAR*")+COUNTIF(Losas!N26:N31,"AUMENTAR*")+COUNTIF(Losas!N36:N41,"REVISAR*")+COUNTIF(Losas!N36:N41,"AUMENTAR*")+COUNTIF(Losas!F45:F50,"REVISAR*")+COUNTIF(Losas!F45:F50,"AUMENTAR*")+COUNTIF(Losas!L45:L50,"REVISAR*")+COUNTIF(Losas!L45:L50,"AUMENTAR*") -> 0 | G6: =IF(E6>0,"NO CUMPLE",IF(F6>0,"REVISAR",IF(D6>0,"CUMPLE","–"))) -> CUMPLE | H6: Losas
B7: Vigas | C7: =D7+E7+F7 -> 7 | D7: =COUNTIF(Vigas!I6:I11,"CUMPLE")+COUNTIF(Vigas!I6:I11,"OK")+COUNTIF(Vigas!P25:P36,"CUMPLE")+COUNTIF(Vigas!P25:P36,"OK")+COUNTIF(Vigas!N41:N46,"CUMPLE")+COUNTIF(Vigas!N41:N46,"OK") -> 7 | E7: =COUNTIF(Vigas!I6:I11,"NO CUMPLE")+COUNTIF(Vigas!P25:P36,"NO CUMPLE")+COUNTIF(Vigas!N41:N46,"NO CUMPLE") -> 0 | F7: =COUNTIF(Vigas!I6:I11,"REVISAR*")+COUNTIF(Vigas!I6:I11,"AUMENTAR*")+COUNTIF(Vigas!P25:P36,"REVISAR*")+COUNTIF(Vigas!P25:P36,"AUMENTAR*")+COUNTIF(Vigas!N41:N46,"REVISAR*")+COUNTIF(Vigas!N41:N46,"AUMENTAR*") -> 0 | G7: =IF(E7>0,"NO CUMPLE",IF(F7>0,"REVISAR",IF(D7>0,"CUMPLE","–"))) -> CUMPLE | H7: Vigas
B8: Viguetas pretensadas y correas de madera | C8: =D8+E8+F8 -> 3 | D8: =COUNTIF('Viguetas y Correas'!M7:M10,"CUMPLE")+COUNTIF('Viguetas y Correas'!M7:M10,"OK")+COUNTIF('Viguetas y Correas'!R15:R18,"CUMPLE")+COUNTIF('Viguetas y Correas'!R15:R18,"OK") -> 3 | E8: =COUNTIF('Viguetas y Correas'!M7:M10,"NO CUMPLE")+COUNTIF('Viguetas y Correas'!R15:R18,"NO CUMPLE") -> 0 | F8: =COUNTIF('Viguetas y Correas'!M7:M10,"REVISAR*")+COUNTIF('Viguetas y Correas'!M7:M10,"AUMENTAR*")+COUNTIF('Viguetas y Correas'!R15:R18,"REVISAR*")+COUNTIF('Viguetas y Correas'!R15:R18,"AUMENTAR*") -> 0 | G8: =IF(E8>0,"NO CUMPLE",IF(F8>0,"REVISAR",IF(D8>0,"CUMPLE","–"))) -> CUMPLE | H8: Viguetas y Correas
B9: Columnas | C9: =D9+E9+F9 -> 12 | D9: =COUNTIF(Columnas!O16:O21,"CUMPLE")+COUNTIF(Columnas!O16:O21,"OK")+COUNTIF(Columnas!P16:P21,"CUMPLE")+COUNTIF(Columnas!P16:P21,"OK")+COUNTIF(Columnas!Q16:Q21,"CUMPLE")+COUNTIF(Columnas!Q16:Q21,"OK")+COUNTIF(Columnas!S16:S21,"CUMPLE")+COUNTIF(Columnas!S16:S21,"OK") -> 12 | E9: =COUNTIF(Columnas!O16:O21,"NO CUMPLE")+COUNTIF(Columnas!P16:P21,"NO CUMPLE")+COUNTIF(Columnas!Q16:Q21,"NO CUMPLE")+COUNTIF(Columnas!S16:S21,"NO CUMPLE") -> 0 | F9: =COUNTIF(Columnas!O16:O21,"REVISAR*")+COUNTIF(Columnas!O16:O21,"AUMENTAR*")+COUNTIF(Columnas!P16:P21,"REVISAR*")+COUNTIF(Columnas!P16:P21,"AUMENTAR*")+COUNTIF(Columnas!Q16:Q21,"REVISAR*")+COUNTIF(Columnas!Q16:Q21,"AUMENTAR*")+COUNTIF(Columnas!S16:S21,"REVISAR*")+COUNTIF(Columnas!S16:S21,"AUMENTAR*") -> 0 | G9: =IF(E9>0,"NO CUMPLE",IF(F9>0,"REVISAR",IF(D9>0,"CUMPLE","–"))) -> CUMPLE | H9: Columnas
B10: Muros (mampostería y tabiques) | C10: =D10+E10+F10 -> 6 | D10: =COUNTIF(Muros!N6:N19,"CUMPLE")+COUNTIF(Muros!N6:N19,"OK")+COUNTIF(Muros!P24:Q29,"CUMPLE")+COUNTIF(Muros!P24:Q29,"OK") -> 6 | E10: =COUNTIF(Muros!N6:N19,"NO CUMPLE")+COUNTIF(Muros!P24:Q29,"NO CUMPLE") -> 0 | F10: =COUNTIF(Muros!N6:N19,"REVISAR*")+COUNTIF(Muros!N6:N19,"AUMENTAR*")+COUNTIF(Muros!P24:Q29,"REVISAR*")+COUNTIF(Muros!P24:Q29,"AUMENTAR*") -> 0 | G10: =IF(E10>0,"NO CUMPLE",IF(F10>0,"REVISAR",IF(D10>0,"CUMPLE","–"))) -> CUMPLE | H10: Muros
B11: Fundaciones | C11: =D11+E11+F11 -> 10 | D11: =COUNTIF(Fundaciones!O6:O11,"CUMPLE")+COUNTIF(Fundaciones!O6:O11,"OK")+COUNTIF(Fundaciones!N16:N19,"CUMPLE")+COUNTIF(Fundaciones!N16:N19,"OK")+COUNTIF(Fundaciones!N24:N27,"CUMPLE")+COUNTIF(Fundaciones!N24:N27,"OK")+COUNTIF(Fundaciones!E32:E35,"CUMPLE")+COUNTIF(Fundaciones!E32:E35,"OK")+COUNTIF(Fundaciones!I32:I35,"CUMPLE")+COUNTIF(Fundaciones!I32:I35,"OK") -> 10 | E11: =COUNTIF(Fundaciones!O6:O11,"NO CUMPLE")+COUNTIF(Fundaciones!N16:N19,"NO CUMPLE")+COUNTIF(Fundaciones!N24:N27,"NO CUMPLE")+COUNTIF(Fundaciones!E32:E35,"NO CUMPLE")+COUNTIF(Fundaciones!I32:I35,"NO CUMPLE") -> 0 | F11: =COUNTIF(Fundaciones!O6:O11,"REVISAR*")+COUNTIF(Fundaciones!O6:O11,"AUMENTAR*")+COUNTIF(Fundaciones!N16:N19,"REVISAR*")+COUNTIF(Fundaciones!N16:N19,"AUMENTAR*")+COUNTIF(Fundaciones!N24:N27,"REVISAR*")+COUNTIF(Fundaciones!N24:N27,"AUMENTAR*")+COUNTIF(Fundaciones!E32:E35,"REVISAR*")+COUNTIF(Fundaciones!E32:E35,"AUMENTAR*")+COUNTIF(Fundaciones!I32:I35,"REVISAR*")+COUNTIF(Fundaciones!I32:I35,"AUMENTAR*") -> 0 | G11: =IF(E11>0,"NO CUMPLE",IF(F11>0,"REVISAR",IF(D11>0,"CUMPLE","–"))) -> CUMPLE | H11: Fundaciones
B12: Columnas en voladizo | C12: =D12+E12+F12 -> 1 | D12: =COUNTIF(Voladizos!P7:P10,"CUMPLE")+COUNTIF(Voladizos!P7:P10,"OK") -> 1 | E12: =COUNTIF(Voladizos!P7:P10,"NO CUMPLE") -> 0 | F12: =COUNTIF(Voladizos!P7:P10,"REVISAR*")+COUNTIF(Voladizos!P7:P10,"AUMENTAR*") -> 0 | G12: =IF(E12>0,"NO CUMPLE",IF(F12>0,"REVISAR",IF(D12>0,"CUMPLE","–"))) -> CUMPLE | H12: Voladizos
B13: Distribución sísmica (equilibrio) | C13: =D13+E13+F13 -> 2 | D13: =COUNTIF('Sismo 2 Distribucion'!I72:I73,"CUMPLE")+COUNTIF('Sismo 2 Distribucion'!I72:I73,"OK") -> 2 | E13: =COUNTIF('Sismo 2 Distribucion'!I72:I73,"NO CUMPLE") -> 0 | F13: =COUNTIF('Sismo 2 Distribucion'!I72:I73,"REVISAR*")+COUNTIF('Sismo 2 Distribucion'!I72:I73,"AUMENTAR*") -> 0 | G13: =IF(E13>0,"NO CUMPLE",IF(F13>0,"REVISAR",IF(D13>0,"CUMPLE","–"))) -> CUMPLE | H13: Sismo 2 Distribucion
B14: TOTAL | C14: =SUM(C6:C13) -> 54 | D14: =SUM(D6:D13) -> 54 | E14: =SUM(E6:E13) -> 0 | F14: =SUM(F6:F13) -> 0 | G14: =IF(E14>0,"NO CUMPLE",IF(F14>0,"REVISAR","CUMPLE")) -> CUMPLE
B17: Datos y resultados clave
B18: Hormigón / acero | C18: =Datos!C13&" · f'c = "&ROUND(Datos!$C$14,0)&" MPa | "&Datos!C24&" · fy = "&ROUND(Datos!$C$25,0)&" MPa" -> H-25 · f'c = 25 MPa | ADN 420 · fy = 420 MPa
B19: Tensión admisible del suelo | C19: =ROUND(Datos!$C$31,0)&" kPa ("&ROUND(Datos!C32,2)&" kgf/cm²)" -> 150 kPa (1.53 kgf/cm²)
B20: Carga permanente D techo / entrepiso (sin losa) | C20: =ROUND(Cargas!$I$16,2)&" / "&ROUND(Cargas!$I$28,2)&" kN/m²" -> 2.14 / 2.32 kN/m²
B21: Carga mayorada qu techo / entrepiso (con losa estimada) | C21: =ROUND(Cargas!$I$45,2)&" / "&ROUND(Cargas!$J$45,2)&" kN/m²" -> 7.77 / 9.58 kN/m²
B22: Zona sísmica · tipo de suelo · grupo | C22: ="Zona "&'Sismo 1 Accion'!$C$5&" · Tipo "&'Sismo 1 Accion'!$C$6&" · "&'Sismo 1 Accion'!$C$9 -> Zona 4 · Tipo 2 · Grupo B
B23: Coeficiente sísmico C (R = ...) | C23: =ROUND('Sismo 1 Accion'!$C$37,3)&" (R = "&ROUND('Sismo 1 Accion'!$C$14,1)&")" -> 0.333 (R = 3)
B24: Peso sísmico W / Corte basal V0 | C24: =ROUND('Sismo 1 Accion'!$C$64,1)&" kN / "&ROUND('Sismo 1 Accion'!$C$65,1)&" kN" -> 732.9 kN / 244.3 kN
B26: Estado 'CUMPLE' significa que las verificaciones implementadas se satisfacen con los datos cargados; no reemplaza la revisión del profesional responsable ni verificaciones no incluidas (viento, nieve, torsión en vigas, estabilidad global, detalles sismorresistentes, etc.).

Sheet Datos
A1: DATOS GENERALES · MATERIALES · SUELO
A2: Única hoja donde se cargan los datos comunes. Todas las demás hojas leen estos valores (celdas amarillas = datos de entrada; el resto se calcula solo).
B4: 1. Proyecto
B5: Obra | C5: Vivienda unifamiliar – EJEMPLO (reemplazar)
B6: Ubicación | C6: Mendoza – Capital
B7: Comitente
B8: Proyectista / Responsable
B9: Fecha | C9: 10/10/2026
B10: Revisión | C10: 00
B12: 2. Hormigón (CIRSOC 201-2005)
B13: Clase de hormigón | C13: H-25 | E13: Lista desplegable. Mínimo habitual H-20; INPRES-CIRSOC 103 P.III 4.2.1 exige f'c ≥ 20 MPa en encadenados.
B14: Resistencia especificada f'c | C14: =INDEX(Tablas!$L$19:$L$24,MATCH(C13,Tablas!$K$19:$K$24,0)) -> 25 | D14: MPa
B15: Módulo de elasticidad Ec = 4700·√f'c | C15: =4700*SQRT(C14) -> 23500 | D15: MPa | E15: CIRSOC 201 §8.5.1
B16: Factor β1 | C16: =IF(C14<=30,0.85,MAX(0.65,0.85-0.05*(C14-30)/7)) -> 0.85 | D16: – | E16: CIRSOC 201 §10.2.7.3
B17: Peso unitario H°A° | C17: 25 | D17: kN/m³ | E17: CIRSOC 101 Tabla 3.1 (hormigón armado = 25 kN/m³). Se usa en TODAS las hojas.
B18: Peso unitario H° simple / ciclópeo | C18: 22 | D18: kN/m³ | E18: Cimientos de hormigón ciclópeo (la planilla original usaba 2200 kg/m³).
B19: Recubrimiento libre – vigas y columnas | C19: 40 | D19: mm | E19: CIRSOC 201 §7.7 (interior 40 mm; ambientes agresivos o a la intemperie: aumentar).
B20: Recubrimiento libre – losas | C20: 20 | D20: mm | E20: CIRSOC 201 §7.7 (losas y tabiques interiores 20 mm).
B21: Recubrimiento libre – fundaciones (contra el suelo) | C21: 70 | D21: mm | E21: CIRSOC 201 §7.7 (hormigón en contacto permanente con el suelo: 70 mm).
B23: 3. Acero (CIRSOC 201-2005)
B24: Acero longitudinal | C24: ADN 420 | E24: Lista desplegable.
B25: Tensión de fluencia fy | C25: =INDEX(Tablas!$L$27:$L$29,MATCH(C24,Tablas!$K$27:$K$29,0)) -> 420 | D25: MPa
B26: Acero de estribos | C26: ADN 420 | E26: Lista desplegable.
B27: Tensión de fluencia de estribos fyt | C27: =INDEX(Tablas!$L$27:$L$29,MATCH(C26,Tablas!$K$27:$K$29,0)) -> 420 | D27: MPa
B28: Módulo de elasticidad del acero Es | C28: 200000 | D28: MPa | E28: CIRSOC 201 §8.5.2
B30: 4. Suelo y fundaciones
B31: Tensión admisible del suelo σadm | C31: 150 | D31: kPa | E31: DATO DEL ESTUDIO DE SUELOS. (150 kPa ≈ 1,5 kgf/cm²; es un valor de EJEMPLO.)
B32: σadm equivalente | C32: =C31/98.0665 -> 1.5295743 | D32: kgf/cm²
B33: Profundidad de fundación Df | C33: 1 | D33: m | E33: Desde el nivel del terreno a la base de la fundación.
B34: Peso unitario del suelo γs | C34: 17 | D34: kN/m³ | E34: CIRSOC 101 Tabla 3.1 (suelo no sumergido) o del estudio de suelos.
B35: Peso unitario de mampostería con revoque | C35: 17 | D35: kN/m³ | E35: CIRSOC 101 Tabla 3.1 (ladrillo macizo común con revoque = 17 kN/m³).
B37: 5. Mampostería (INPRES-CIRSOC 103 Parte III – 2018)
B38: Tipo de mampuesto | C38: Ladrillos cerámicos macizos | E38: Lista desplegable.
B39: Tipo de mortero de asiento | C39: N | E39: E = elevada · I = intermedia · N = normal · NA = cemento de albañilería (Tabla 2.1).
B40: Resistencia a compresión f'm | C40: =INDEX(Tablas!$L$50:$O$52,MATCH(C38,Tablas!$K$50:$K$52,0),MATCH(C39,Tablas!$L$48:$O$48,0)) -> 1.75 | D40: MPa | E40: Tabla 2.4 (valores indicativos)
B41: Resistencia al corte f'v | C41: =INDEX(Tablas!$L$55:$O$57,MATCH(C38,Tablas!$K$50:$K$52,0),MATCH(C39,Tablas!$L$48:$O$48,0)) -> 0.19 | D41: MPa | E41: Tabla 2.5 (valores indicativos)
B42: Módulo de elasticidad Em = 1200·f'm | C42: =1200*C40 -> 2100 | D42: MPa | E42: Art. 2.4.1
B43: Módulo de corte Gm | C43: =IF(C38="Ladrillos cerámicos macizos",0.2,0.1)*C42 -> 420 | D43: MPa | E43: Art. 2.4.2: 0,20·Em (ladrillo macizo) · 0,10·Em (bloques huecos). La planilla original usaba 0,4·E (error).
B45: Leyenda de colores: celda amarilla con letra azul = dato que se carga · celda blanca = fórmula (no tocar) · letra verde = valor traído de otra hoja.

Sheet Cargas
A1: ANÁLISIS DE CARGAS Y COMBINACIONES (CIRSOC 101-2005 y CIRSOC 201-2005 §9.2)
A2: Se cargan las capas de cada nivel eligiendo el material de la lista (CIRSOC 101 Tabla 3.1). El peso propio de la estructura (losa) se agrega en la hoja Losas.
B4: CARGA PERMANENTE D – TECHO / CUBIERTA (sin peso propio de la losa)
B5: Material (elegir de la lista) | C5: γ [kN/m³] | D5: q [kN/m²] | E5: e / h [m] | F5: b [m] | G5: sep [m] | H5: α [°] | I5: q calculado [kN/m²] | J5: Observación
B6: Cubierta impermeabilizante con base de tela o cartón asfáltico de siete capas | C6: =IF($B6="",0,N(INDEX(Tablas!$D$5:$D$300,MATCH($B6,Tablas!$B$5:$B$300,0)))) -> 0 | D6: =IF($B6="",0,N(INDEX(Tablas!$C$5:$C$300,MATCH($B6,Tablas!$B$5:$B$300,0)))) -> 0.1 | H6: 0 | I6: =IF($B6="",0,IF(D6>0,D6,IF(C6>0,IF(AND(G6>0,F6>0),C6*E6*F6/G6,C6*E6),0))/COS(RADIANS(H6))) -> 0.1 | J6: =IF(AND($B6<>"",I6=0),"Completar e [m]","")
B7: Contrapiso de cemento, arena y cascote | C7: =IF($B7="",0,N(INDEX(Tablas!$D$5:$D$300,MATCH($B7,Tablas!$B$5:$B$300,0)))) -> 18 | D7: =IF($B7="",0,N(INDEX(Tablas!$C$5:$C$300,MATCH($B7,Tablas!$B$5:$B$300,0)))) -> 0 | E7: 0.08 | H7: 0 | I7: =IF($B7="",0,IF(D7>0,D7,IF(C7>0,IF(AND(G7>0,F7>0),C7*E7*F7/G7,C7*E7),0))/COS(RADIANS(H7))) -> 1.44 | J7: =IF(AND($B7<>"",I7=0),"Completar e [m]","")
B8: Mortero de cemento pórtland y arena | C8: =IF($B8="",0,N(INDEX(Tablas!$D$5:$D$300,MATCH($B8,Tablas!$B$5:$B$300,0)))) -> 21 | D8: =IF($B8="",0,N(INDEX(Tablas!$C$5:$C$300,MATCH($B8,Tablas!$B$5:$B$300,0)))) -> 0 | E8: 0.02 | H8: 0 | I8: =IF($B8="",0,IF(D8>0,D8,IF(C8>0,IF(AND(G8>0,F8>0),C8*E8*F8/G8,C8*E8),0))/COS(RADIANS(H8))) -> 0.42 | J8: =IF(AND($B8<>"",I8=0),"Completar e [m]","")
B9: Yeso con metal desplegado | C9: =IF($B9="",0,N(INDEX(Tablas!$D$5:$D$300,MATCH($B9,Tablas!$B$5:$B$300,0)))) -> 0 | D9: =IF($B9="",0,N(INDEX(Tablas!$C$5:$C$300,MATCH($B9,Tablas!$B$5:$B$300,0)))) -> 0.18 | H9: 0 | I9: =IF($B9="",0,IF(D9>0,D9,IF(C9>0,IF(AND(G9>0,F9>0),C9*E9*F9/G9,C9*E9),0))/COS(RADIANS(H9))) -> 0.18 | J9: =IF(AND($B9<>"",I9=0),"Completar e [m]","")
C10: =IF($B10="",0,N(INDEX(Tablas!$D$5:$D$300,MATCH($B10,Tablas!$B$5:$B$300,0)))) -> 0 | D10: =IF($B10="",0,N(INDEX(Tablas!$C$5:$C$300,MATCH($B10,Tablas!$B$5:$B$300,0)))) -> 0 | I10: =IF($B10="",0,IF(D10>0,D10,IF(C10>0,IF(AND(G10>0,F10>0),C10*E10*F10/G10,C10*E10),0))/COS(RADIANS(H10))) -> 0 | J10: =IF(AND($B10<>"",I10=0),"Completar e [m]","")
C11: =IF($B11="",0,N(INDEX(Tablas!$D$5:$D$300,MATCH($B11,Tablas!$B$5:$B$300,0)))) -> 0 | D11: =IF($B11="",0,N(INDEX(Tablas!$C$5:$C$300,MATCH($B11,Tablas!$B$5:$B$300,0)))) -> 0 | I11: =IF($B11="",0,IF(D11>0,D11,IF(C11>0,IF(AND(G11>0,F11>0),C11*E11*F11/G11,C11*E11),0))/COS(RADIANS(H11))) -> 0 | J11: =IF(AND($B11<>"",I11=0),"Completar e [m]","")
C12: =IF($B12="",0,N(INDEX(Tablas!$D$5:$D$300,MATCH($B12,Tablas!$B$5:$B$300,0)))) -> 0 | D12: =IF($B12="",0,N(INDEX(Tablas!$C$5:$C$300,MATCH($B12,Tablas!$B$5:$B$300,0)))) -> 0 | I12: =IF($B12="",0,IF(D12>0,D12,IF(C12>0,IF(AND(G12>0,F12>0),C12*E12*F12/G12,C12*E12),0))/COS(RADIANS(H12))) -> 0 | J12: =IF(AND($B12<>"",I12=0),"Completar e [m]","")
C13: =IF($B13="",0,N(INDEX(Tablas!$D$5:$D$300,MATCH($B13,Tablas!$B$5:$B$300,0)))) -> 0 | D13: =IF($B13="",0,N(INDEX(Tablas!$C$5:$C$300,MATCH($B13,Tablas!$B$5:$B$300,0)))) -> 0 | I13: =IF($B13="",0,IF(D13>0,D13,IF(C13>0,IF(AND(G13>0,F13>0),C13*E13*F13/G13,C13*E13),0))/COS(RADIANS(H13))) -> 0 | J13: =IF(AND($B13<>"",I13=0),"Completar e [m]","")
B14: Estructura de cubierta liviana (correas / perfil de chapa plegada) – opcional
C15: =IF($B15="",0,N(INDEX(Tablas!$W$5:$W$553,MATCH($B15,Tablas!$V$5:$V$553,0)))) -> 0 | D15: kN/m | H15: 0 | I15: =IF(OR($B15="",G15=0),0,C15/G15/COS(RADIANS(H15))) -> 0 | J15: q = peso/sep (sep entre correas)
B16: D TECHO / CUBIERTA (sin peso propio de losa) | I16: =SUM(I6:I13)+I15 -> 2.14 | J16: kN/m²
B18: CARGA PERMANENTE D – ENTREPISO (sin peso propio de la losa)
B19: Material (elegir de la lista) | C19: γ [kN/m³] | D19: q [kN/m²] | E19: e / h [m] | F19: b [m] | G19: sep [m] | H19: α [°] | I19: q calculado [kN/m²] | J19: Observación
B20: Baldosa cerámica, 12 mm de espesor | C20: =IF($B20="",0,N(INDEX(Tablas!$D$5:$D$300,MATCH($B20,Tablas!$B$5:$B$300,0)))) -> 23 | D20: =IF($B20="",0,N(INDEX(Tablas!$C$5:$C$300,MATCH($B20,Tablas!$B$5:$B$300,0)))) -> 0.28 | H20: 0 | I20: =IF($B20="",0,IF(D20>0,D20,IF(C20>0,IF(AND(G20>0,F20>0),C20*E20*F20/G20,C20*E20),0))/COS(RADIANS(H20))) -> 0.28 | J20: =IF(AND($B20<>"",I20=0),"Completar e [m]","")
B21: Contrapiso de cemento, arena y cascote | C21: =IF($B21="",0,N(INDEX(Tablas!$D$5:$D$300,MATCH($B21,Tablas!$B$5:$B$300,0)))) -> 18 | D21: =IF($B21="",0,N(INDEX(Tablas!$C$5:$C$300,MATCH($B21,Tablas!$B$5:$B$300,0)))) -> 0 | E21: 0.08 | H21: 0 | I21: =IF($B21="",0,IF(D21>0,D21,IF(C21>0,IF(AND(G21>0,F21>0),C21*E21*F21/G21,C21*E21),0))/COS(RADIANS(H21))) -> 1.44 | J21: =IF(AND($B21<>"",I21=0),"Completar e [m]","")
B22: Mortero de cemento pórtland y arena | C22: =IF($B22="",0,N(INDEX(Tablas!$D$5:$D$300,MATCH($B22,Tablas!$B$5:$B$300,0)))) -> 21 | D22: =IF($B22="",0,N(INDEX(Tablas!$C$5:$C$300,MATCH($B22,Tablas!$B$5:$B$300,0)))) -> 0 | E22: 0.02 | H22: 0 | I22: =IF($B22="",0,IF(D22>0,D22,IF(C22>0,IF(AND(G22>0,F22>0),C22*E22*F22/G22,C22*E22),0))/COS(RADIANS(H22))) -> 0.42 | J22: =IF(AND($B22<>"",I22=0),"Completar e [m]","")
B23: Yeso con metal desplegado | C23: =IF($B23="",0,N(INDEX(Tablas!$D$5:$D$300,MATCH($B23,Tablas!$B$5:$B$300,0)))) -> 0 | D23: =IF($B23="",0,N(INDEX(Tablas!$C$5:$C$300,MATCH($B23,Tablas!$B$5:$B$300,0)))) -> 0.18 | H23: 0 | I23: =IF($B23="",0,IF(D23>0,D23,IF(C23>0,IF(AND(G23>0,F23>0),C23*E23*F23/G23,C23*E23),0))/COS(RADIANS(H23))) -> 0.18 | J23: =IF(AND($B23<>"",I23=0),"Completar e [m]","")
C24: =IF($B24="",0,N(INDEX(Tablas!$D$5:$D$300,MATCH($B24,Tablas!$B$5:$B$300,0)))) -> 0 | D24: =IF($B24="",0,N(INDEX(Tablas!$C$5:$C$300,MATCH($B24,Tablas!$B$5:$B$300,0)))) -> 0 | I24: =IF($B24="",0,IF(D24>0,D24,IF(C24>0,IF(AND(G24>0,F24>0),C24*E24*F24/G24,C24*E24),0))/COS(RADIANS(H24))) -> 0 | J24: =IF(AND($B24<>"",I24=0),"Completar e [m]","")
C25: =IF($B25="",0,N(INDEX(Tablas!$D$5:$D$300,MATCH($B25,Tablas!$B$5:$B$300,0)))) -> 0 | D25: =IF($B25="",0,N(INDEX(Tablas!$C$5:$C$300,MATCH($B25,Tablas!$B$5:$B$300,0)))) -> 0 | I25: =IF($B25="",0,IF(D25>0,D25,IF(C25>0,IF(AND(G25>0,F25>0),C25*E25*F25/G25,C25*E25),0))/COS(RADIANS(H25))) -> 0 | J25: =IF(AND($B25<>"",I25=0),"Completar e [m]","")
C26: =IF($B26="",0,N(INDEX(Tablas!$D$5:$D$300,MATCH($B26,Tablas!$B$5:$B$300,0)))) -> 0 | D26: =IF($B26="",0,N(INDEX(Tablas!$C$5:$C$300,MATCH($B26,Tablas!$B$5:$B$300,0)))) -> 0 | I26: =IF($B26="",0,IF(D26>0,D26,IF(C26>0,IF(AND(G26>0,F26>0),C26*E26*F26/G26,C26*E26),0))/COS(RADIANS(H26))) -> 0 | J26: =IF(AND($B26<>"",I26=0),"Completar e [m]","")
C27: =IF($B27="",0,N(INDEX(Tablas!$D$5:$D$300,MATCH($B27,Tablas!$B$5:$B$300,0)))) -> 0 | D27: =IF($B27="",0,N(INDEX(Tablas!$C$5:$C$300,MATCH($B27,Tablas!$B$5:$B$300,0)))) -> 0 | I27: =IF($B27="",0,IF(D27>0,D27,IF(C27>0,IF(AND(G27>0,F27>0),C27*E27*F27/G27,C27*E27),0))/COS(RADIANS(H27))) -> 0 | J27: =IF(AND($B27<>"",I27=0),"Completar e [m]","")
B28: D ENTREPISO (sin peso propio de losa) | I28: =SUM(I20:I27) -> 2.32 | J28: kN/m²
B30: SOBRECARGAS (CIRSOC 101 Tabla 4.1)
B31: Destino (elegir de la lista) | D31: L [kN/m²] | I31: Valor adoptado | J31: Uso
B32: Azoteas y terrazas inaccesibles | D32: =IF($B32="",0,N(INDEX(Tablas!$H$5:$H$77,MATCH($B32,Tablas!$G$5:$G$77,0)))) -> 1 | I32: =D32 -> 1 | J32: Lr (techo)
B33: Usos Residenciales (casa habitación, departamentos): viviendas para 1 y 2 familias - todas las áreas excepto balcones | D33: =IF($B33="",0,N(INDEX(Tablas!$H$5:$H$77,MATCH($B33,Tablas!$G$5:$G$77,0)))) -> 2 | I33: =D33 -> 2 | J33: L (entrepiso)
B34: Sobrecarga de uso sobre el techo (terraza usable como piso) – 0 si no corresponde | I34: 0 | J34: L (techo)
B35: Sobrecarga de techo sobre el entrepiso – 0 si no corresponde | I35: 0 | J35: Lr (entrepiso)
B36: Factor de L en las combinaciones (0,5 salvo cocheras, locales de reunión pública o L > 4,8 kN/m² → 1,0) | I36: 0.5 | J36: CIRSOC 201 §9.2.1
B38: COMBINACIONES DE CARGA (CIRSOC 201-2005 §9.2) – sin viento ni sismo
B39: Peso propio estimado de la losa para esta verificación orientativa: espesor h [m] | I39: 0.12 | J39: (la hoja Losas usa el h real)
B40: Combinación | I40: TECHO [kN/m²] | J40: ENTREPISO [kN/m²]
B41: D' = D + γH°A°·h_est (carga permanente total) | I41: =Cargas!$I$16+Datos!$C$17*Cargas!$I$39 -> 5.14 | J41: =Cargas!$I$28+Datos!$C$17*Cargas!$I$39 -> 5.32
B42: U1 = 1,4·D' | I42: =1.4*(I41) -> 7.196 | J42: =1.4*(J41) -> 7.448
B43: U2 = 1,2·D' + 1,6·L + 0,5·Lr | I43: =1.2*(I41)+1.6*Cargas!$I$34+0.5*Cargas!$I$32 -> 6.668 | J43: =1.2*(J41)+1.6*Cargas!$I$33+0.5*Cargas!$I$35 -> 9.584
B44: U3 = 1,2·D' + 1,6·Lr + fL·L | I44: =1.2*(I41)+1.6*Cargas!$I$32+Cargas!$I$36*Cargas!$I$34 -> 7.768 | J44: =1.2*(J41)+1.6*Cargas!$I$35+Cargas!$I$36*Cargas!$I$33 -> 7.384
B45: Combinación gobernante qu = máx(U1, U2, U3) | I45: =MAX(I42:I44) -> 7.768 | J45: =MAX(J42:J44) -> 9.584
B46: Servicio D' + L + Lr (deformaciones y fundaciones) | I46: =I41+Cargas!$I$34+Cargas!$I$32 -> 6.14 | J46: =J41+Cargas!$I$33+Cargas!$I$35 -> 7.32
B47: Viento (CIRSOC 102) y nieve (CIRSOC 104) no están incluidos: si corresponden, agregar las combinaciones 9-3, 9-4 y 9-6 de CIRSOC 201 §9.2. Las combinaciones con sismo se arman en las hojas Sismo y Muros (INPRES-CIRSOC 103: 1,2D + E + f1·L y 0,9D + E).
B49: CARGA LINEAL DE MAMPOSTERÍA SOBRE VIGAS Y CIMIENTOS
B50: Tipo de mampostería (elegir de la lista) | C50: γ [kN/m³] | E50: e [m] | F50: h [m] | I50: Carga lineal [kN/m] | J50: Observación
B51: Mampostería con revoque o completa, mortero a la cal o cemento: Ladrillo hueco cerámico portante, % huecos menor que 60 | C51: =IF($B51="",0,N(INDEX(Tablas!$D$5:$D$300,MATCH($B51,Tablas!$B$5:$B$300,0)))) -> 12 | E51: 0.18 | F51: 2.6 | I51: =C51*E51*F51 -> 5.616 | J51: usar en Vigas / Fundaciones
C52: =IF($B52="",0,N(INDEX(Tablas!$D$5:$D$300,MATCH($B52,Tablas!$B$5:$B$300,0)))) -> 0 | I52: =C52*E52*F52 -> 0 | J52: usar en Vigas / Fundaciones
C53: =IF($B53="",0,N(INDEX(Tablas!$D$5:$D$300,MATCH($B53,Tablas!$B$5:$B$300,0)))) -> 0 | I53: =C53*E53*F53 -> 0 | J53: usar en Vigas / Fundaciones
C54: =IF($B54="",0,N(INDEX(Tablas!$D$5:$D$300,MATCH($B54,Tablas!$B$5:$B$300,0)))) -> 0 | I54: =C54*E54*F54 -> 0 | J54: usar en Vigas / Fundaciones
C55: =IF($B55="",0,N(INDEX(Tablas!$D$5:$D$300,MATCH($B55,Tablas!$B$5:$B$300,0)))) -> 0 | I55: =C55*E55*F55 -> 0 | J55: usar en Vigas / Fundaciones

Sheet Losas
A1: LOSAS MACIZAS ARMADAS EN UNA DIRECCIÓN (CIRSOC 201-2005)
A2: Franja de 1 m de ancho. Se cargan los datos en las celdas amarillas; la hoja predimensiona, calcula esfuerzos y verifica la armadura. Los resultados 'CUMPLE / NO CUMPLE' indican si la verificación se satisface.
B4: 1. Predimensionado de espesor – CIRSOC 201 Tabla 9.5(a)
B5: Losa | C5: Tipo de elemento | D5: Condición de apoyo | E5: Luz L [m] | F5: Divisor (L/x) | G5: Factor fy | H5: h mín [cm] | I5: h adoptado [cm] | J5: Verificación
B6: L1 | C6: Losa maciza en una dirección | D6: Simplemente apoyado | E6: 3 | F6: =IF($B6="","",INDEX(Tablas!$L$43:$O$44,MATCH(C6,Tablas!$K$43:$K$44,0),MATCH(D6,Tablas!$L$42:$O$42,0))) -> 20 | G6: =IF($B6="","",IF(Datos!$C$25=420,1,0.4+Datos!$C$25/700)) -> 1 | H6: =IF($B6="","",E6/F6*G6*100) -> 15 | I6: 15 | J6: =IF($B6="","",IF(I6>=H6,"CUMPLE","NO CUMPLE")) -> CUMPLE
B7: L2 | C7: Losa maciza en una dirección | D7: Un extremo continuo | E7: 3.2 | F7: =IF($B7="","",INDEX(Tablas!$L$43:$O$44,MATCH(C7,Tablas!$K$43:$K$44,0),MATCH(D7,Tablas!$L$42:$O$42,0))) -> 24 | G7: =IF($B7="","",IF(Datos!$C$25=420,1,0.4+Datos!$C$25/700)) -> 1 | H7: =IF($B7="","",E7/F7*G7*100) -> 13.333333 | I7: 14 | J7: =IF($B7="","",IF(I7>=H7,"CUMPLE","NO CUMPLE")) -> CUMPLE
B8: L3 | C8: Losa maciza en una dirección | D8: Voladizo | E8: 1.2 | F8: =IF($B8="","",INDEX(Tablas!$L$43:$O$44,MATCH(C8,Tablas!$K$43:$K$44,0),MATCH(D8,Tablas!$L$42:$O$42,0))) -> 10 | G8: =IF($B8="","",IF(Datos!$C$25=420,1,0.4+Datos!$C$25/700)) -> 1 | H8: =IF($B8="","",E8/F8*G8*100) -> 12 | I8: 12 | J8: =IF($B8="","",IF(I8>=H8,"CUMPLE","NO CUMPLE")) -> CUMPLE
F9: =IF($B9="","",INDEX(Tablas!$L$43:$O$44,MATCH(C9,Tablas!$K$43:$K$44,0),MATCH(D9,Tablas!$L$42:$O$42,0))) | G9: =IF($B9="","",IF(Datos!$C$25=420,1,0.4+Datos!$C$25/700)) | H9: =IF($B9="","",E9/F9*G9*100) | J9: =IF($B9="","",IF(I9>=H9,"CUMPLE","NO CUMPLE"))
F10: =IF($B10="","",INDEX(Tablas!$L$43:$O$44,MATCH(C10,Tablas!$K$43:$K$44,0),MATCH(D10,Tablas!$L$42:$O$42,0))) | G10: =IF($B10="","",IF(Datos!$C$25=420,1,0.4+Datos!$C$25/700)) | H10: =IF($B10="","",E10/F10*G10*100) | J10: =IF($B10="","",IF(I10>=H10,"CUMPLE","NO CUMPLE"))
F11: =IF($B11="","",INDEX(Tablas!$L$43:$O$44,MATCH(C11,Tablas!$K$43:$K$44,0),MATCH(D11,Tablas!$L$42:$O$42,0))) | G11: =IF($B11="","",IF(Datos!$C$25=420,1,0.4+Datos!$C$25/700)) | H11: =IF($B11="","",E11/F11*G11*100) | J11: =IF($B11="","",IF(I11>=H11,"CUMPLE","NO CUMPLE"))
B12: El factor fy corrige los divisores para aceros distintos de 420 MPa: (0,4 + fy/700). Se verifica deformación solo por altura mínima; si h < h mín hay que calcular flechas (CIRSOC 201 §9.5).
B14: 2. Cargas y esfuerzos (franja de 1 m)
B15: Losa | C15: Nivel | D15: Esquema estático | E15: L [m] | F15: h [cm] | G15: D' [kN/m²] | H15: L [kN/m²] | I15: Lr [kN/m²] | J15: qu [kN/m²] | K15: Mu(+) [kNm/m] | L15: Mu(−) apoyo [kNm/m] | M15: Vu [kN/m] | N15: Reacción apoyo ext. [kN/m] | O15: Reacción apoyo central [kN/m]
B16: =IF(B6="","",B6) -> L1 | C16: TECHO | D16: Simplemente apoyada | E16: =IF($B16="","",E6) -> 3 | F16: =IF($B16="","",I6) -> 15 | G16: =IF($B16="","",IF(C16="TECHO",Cargas!$I$16,Cargas!$I$28)+Datos!$C$17*F16/100) -> 5.89 | H16: =IF($B16="","",IF(C16="TECHO",Cargas!$I$34,Cargas!$I$33)) -> 0 | I16: =IF($B16="","",IF(C16="TECHO",Cargas!$I$32,Cargas!$I$35)) -> 1 | J16: =IF($B16="","",MAX(1.4*G16,1.2*G16+1.6*H16+0.5*I16,1.2*G16+1.6*I16+Cargas!$I$36*H16)) -> 8.668 | K16: =IF($B16="","",IF(D16="Voladizo",0,IF(D16="Simplemente apoyada",J16*E16^2/8,J16*E16^2/11))) -> 9.7515 | L16: =IF($B16="","",IF(D16="Voladizo",J16*E16^2/2,IF(D16="Simplemente apoyada",0,J16*E16^2/9))) -> 0 | M16: =IF($B16="","",IF(D16="Voladizo",J16*E16,IF(D16="Simplemente apoyada",J16*E16/2,1.15*J16*E16/2))) -> 13.002 | N16: =IF($B16="","",IF(D16="Voladizo",J16*E16,IF(D16="Simplemente apoyada",J16*E16/2,0.425*J16*E16))) -> 13.002 | O16: =IF($B16="","",IF(D16="Voladizo",J16*E16,IF(D16="Simplemente apoyada",J16*E16/2,1.15*J16*E16))) -> 13.002
B17: =IF(B7="","",B7) -> L2 | C17: ENTREPISO | D17: Continua 2 tramos | E17: =IF($B17="","",E7) -> 3.2 | F17: =IF($B17="","",I7) -> 14 | G17: =IF($B17="","",IF(C17="TECHO",Cargas!$I$16,Cargas!$I$28)+Datos!$C$17*F17/100) -> 5.82 | H17: =IF($B17="","",IF(C17="TECHO",Cargas!$I$34,Cargas!$I$33)) -> 2 | I17: =IF($B17="","",IF(C17="TECHO",Cargas!$I$32,Cargas!$I$35)) -> 0 | J17: =IF($B17="","",MAX(1.4*G17,1.2*G17+1.6*H17+0.5*I17,1.2*G17+1.6*I17+Cargas!$I$36*H17)) -> 10.184 | K17: =IF($B17="","",IF(D17="Voladizo",0,IF(D17="Simplemente apoyada",J17*E17^2/8,J17*E17^2/11))) -> 9.4803782 | L17: =IF($B17="","",IF(D17="Voladizo",J17*E17^2/2,IF(D17="Simplemente apoyada",0,J17*E17^2/9))) -> 11.587129 | M17: =IF($B17="","",IF(D17="Voladizo",J17*E17,IF(D17="Simplemente apoyada",J17*E17/2,1.15*J17*E17/2))) -> 18.73856 | N17: =IF($B17="","",IF(D17="Voladizo",J17*E17,IF(D17="Simplemente apoyada",J17*E17/2,0.425*J17*E17))) -> 13.85024 | O17: =IF($B17="","",IF(D17="Voladizo",J17*E17,IF(D17="Simplemente apoyada",J17*E17/2,1.15*J17*E17))) -> 37.47712
B18: =IF(B8="","",B8) -> L3 | C18: TECHO | D18: Voladizo | E18: =IF($B18="","",E8) -> 1.2 | F18: =IF($B18="","",I8) -> 12 | G18: =IF($B18="","",IF(C18="TECHO",Cargas!$I$16,Cargas!$I$28)+Datos!$C$17*F18/100) -> 5.14 | H18: =IF($B18="","",IF(C18="TECHO",Cargas!$I$34,Cargas!$I$33)) -> 0 | I18: =IF($B18="","",IF(C18="TECHO",Cargas!$I$32,Cargas!$I$35)) -> 1 | J18: =IF($B18="","",MAX(1.4*G18,1.2*G18+1.6*H18+0.5*I18,1.2*G18+1.6*I18+Cargas!$I$36*H18)) -> 7.768 | K18: =IF($B18="","",IF(D18="Voladizo",0,IF(D18="Simplemente apoyada",J18*E18^2/8,J18*E18^2/11))) -> 0 | L18: =IF($B18="","",IF(D18="Voladizo",J18*E18^2/2,IF(D18="Simplemente apoyada",0,J18*E18^2/9))) -> 5.59296 | M18: =IF($B18="","",IF(D18="Voladizo",J18*E18,IF(D18="Simplemente apoyada",J18*E18/2,1.15*J18*E18/2))) -> 9.3216 | N18: =IF($B18="","",IF(D18="Voladizo",J18*E18,IF(D18="Simplemente apoyada",J18*E18/2,0.425*J18*E18))) -> 9.3216 | O18: =IF($B18="","",IF(D18="Voladizo",J18*E18,IF(D18="Simplemente apoyada",J18*E18/2,1.15*J18*E18))) -> 9.3216
B19: =IF(B9="","",B9) | E19: =IF($B19="","",E9) | F19: =IF($B19="","",I9) | G19: =IF($B19="","",IF(C19="TECHO",Cargas!$I$16,Cargas!$I$28)+Datos!$C$17*F19/100) | H19: =IF($B19="","",IF(C19="TECHO",Cargas!$I$34,Cargas!$I$33)) | I19: =IF($B19="","",IF(C19="TECHO",Cargas!$I$32,Cargas!$I$35)) | J19: =IF($B19="","",MAX(1.4*G19,1.2*G19+1.6*H19+0.5*I19,1.2*G19+1.6*I19+Cargas!$I$36*H19)) | K19: =IF($B19="","",IF(D19="Voladizo",0,IF(D19="Simplemente apoyada",J19*E19^2/8,J19*E19^2/11))) | L19: =IF($B19="","",IF(D19="Voladizo",J19*E19^2/2,IF(D19="Simplemente apoyada",0,J19*E19^2/9))) | M19: =IF($B19="","",IF(D19="Voladizo",J19*E19,IF(D19="Simplemente apoyada",J19*E19/2,1.15*J19*E19/2))) | N19: =IF($B19="","",IF(D19="Voladizo",J19*E19,IF(D19="Simplemente apoyada",J19*E19/2,0.425*J19*E19))) | O19: =IF($B19="","",IF(D19="Voladizo",J19*E19,IF(D19="Simplemente apoyada",J19*E19/2,1.15*J19*E19)))
B20: =IF(B10="","",B10) | E20: =IF($B20="","",E10) | F20: =IF($B20="","",I10) | G20: =IF($B20="","",IF(C20="TECHO",Cargas!$I$16,Cargas!$I$28)+Datos!$C$17*F20/100) | H20: =IF($B20="","",IF(C20="TECHO",Cargas!$I$34,Cargas!$I$33)) | I20: =IF($B20="","",IF(C20="TECHO",Cargas!$I$32,Cargas!$I$35)) | J20: =IF($B20="","",MAX(1.4*G20,1.2*G20+1.6*H20+0.5*I20,1.2*G20+1.6*I20+Cargas!$I$36*H20)) | K20: =IF($B20="","",IF(D20="Voladizo",0,IF(D20="Simplemente apoyada",J20*E20^2/8,J20*E20^2/11))) | L20: =IF($B20="","",IF(D20="Voladizo",J20*E20^2/2,IF(D20="Simplemente apoyada",0,J20*E20^2/9))) | M20: =IF($B20="","",IF(D20="Voladizo",J20*E20,IF(D20="Simplemente apoyada",J20*E20/2,1.15*J20*E20/2))) | N20: =IF($B20="","",IF(D20="Voladizo",J20*E20,IF(D20="Simplemente apoyada",J20*E20/2,0.425*J20*E20))) | O20: =IF($B20="","",IF(D20="Voladizo",J20*E20,IF(D20="Simplemente apoyada",J20*E20/2,1.15*J20*E20)))
B21: =IF(B11="","",B11) | E21: =IF($B21="","",E11) | F21: =IF($B21="","",I11) | G21: =IF($B21="","",IF(C21="TECHO",Cargas!$I$16,Cargas!$I$28)+Datos!$C$17*F21/100) | H21: =IF($B21="","",IF(C21="TECHO",Cargas!$I$34,Cargas!$I$33)) | I21: =IF($B21="","",IF(C21="TECHO",Cargas!$I$32,Cargas!$I$35)) | J21: =IF($B21="","",MAX(1.4*G21,1.2*G21+1.6*H21+0.5*I21,1.2*G21+1.6*I21+Cargas!$I$36*H21)) | K21: =IF($B21="","",IF(D21="Voladizo",0,IF(D21="Simplemente apoyada",J21*E21^2/8,J21*E21^2/11))) | L21: =IF($B21="","",IF(D21="Voladizo",J21*E21^2/2,IF(D21="Simplemente apoyada",0,J21*E21^2/9))) | M21: =IF($B21="","",IF(D21="Voladizo",J21*E21,IF(D21="Simplemente apoyada",J21*E21/2,1.15*J21*E21/2))) | N21: =IF($B21="","",IF(D21="Voladizo",J21*E21,IF(D21="Simplemente apoyada",J21*E21/2,0.425*J21*E21))) | O21: =IF($B21="","",IF(D21="Voladizo",J21*E21,IF(D21="Simplemente apoyada",J21*E21/2,1.15*J21*E21)))
B22: qu = máx(1,4·D'; 1,2·D'+1,6·L+0,5·Lr; 1,2·D'+1,6·Lr+fL·L) – CIRSOC 201 §9.2 – con D' = D de Cargas + peso propio γH°A°·h. Voladizo: Mu(−) = qu·L²/2 y Vu = qu·L; la armadura principal va arriba (tabla 3B). Continua 2 tramos: tramos iguales, apoyo extremo simple; Mu(+) = qu·L²/11, Mu(−) = qu·L²/9 y Vu = 1,15·qu·L/2 (CIRSOC 201 §8.3.3). Las reacciones se usan como carga mayorada sobre las vigas de apoyo (en el apoyo central suman los dos tramos).
B24: 3A. Armadura principal de TRAMO (positiva) – flexión CIRSOC 201 cap. 10
B25: Losa | C25: d [cm] | D25: Mu [kNm/m] | E25: Rn [MPa] | F25: ρ req. | G25: As req. [cm²/m] | H25: As mín. [cm²/m] | I25: φ barra [mm] | J25: Separación [cm] | K25: As adopt. [cm²/m] | L25: φMn [kNm/m] | M25: Sep. máx. [cm] | N25: Verificación
B26: =IF(B16="","",B16) -> L1 | C26: =IF($B26="","",F16-Datos!$C$20/10-I26/20) -> 12.5 | D26: =IF($B26="","",K16) -> 9.7515 | E26: =IF($B26="","",IF(D26=0,0,D26*10^6/(0.9*1000*(C26*10)^2))) -> 0.69344 | F26: =IF($B26="","",IF(1-2*E26/(0.85*Datos!$C$14)<0,"AUMENTAR h",0.85*Datos!$C$14/Datos!$C$25*(1-SQRT(1-2*E26/(0.85*Datos!$C$14))))) -> 0.0016789032 | G26: =IF($B26="","",IF(ISNUMBER(F26),F26*1000*C26*10/100,"AUMENTAR h")) -> 2.098629 | H26: =IF($B26="","",IF(Datos!$C$25<=350,0.002,MAX(0.0014,0.0018*420/Datos!$C$25))*1000*F16*10/100) -> 2.7 | I26: 10 | J26: 15 | K26: =IF($B26="","",IF(OR(I26="",J26=""),"",PI()*I26^2/4/J26)) -> 5.2359878 | L26: =IF($B26="","",IF(K26="","",0.9*K26*100*Datos!$C$25*(C26*10-K26*100*Datos!$C$25/(0.85*Datos!$C$14*1000)/2)/10^6)) -> 23.715926 | M26: =IF($B26="","",MIN(3*F16,45)) -> 45 | N26: =IF($B26="","",IF(D26=0,"–",IF(NOT(ISNUMBER(G26)),"AUMENTAR h",IF(K26="","REVISAR",IF(AND(K26>=G26,K26>=H26,L26>=D26,J26<=M26),"CUMPLE","NO CUMPLE"))))) -> CUMPLE
B27: =IF(B17="","",B17) -> L2 | C27: =IF($B27="","",F17-Datos!$C$20/10-I27/20) -> 11.5 | D27: =IF($B27="","",K17) -> 9.4803782 | E27: =IF($B27="","",IF(D27=0,0,D27*10^6/(0.9*1000*(C27*10)^2))) -> 0.7965031 | F27: =IF($B27="","",IF(1-2*E27/(0.85*Datos!$C$14)<0,"AUMENTAR h",0.85*Datos!$C$14/Datos!$C$25*(1-SQRT(1-2*E27/(0.85*Datos!$C$14))))) -> 0.0019333756 | G27: =IF($B27="","",IF(ISNUMBER(F27),F27*1000*C27*10/100,"AUMENTAR h")) -> 2.223382 | H27: =IF($B27="","",IF(Datos!$C$25<=350,0.002,MAX(0.0014,0.0018*420/Datos!$C$25))*1000*F17*10/100) -> 2.52 | I27: 10 | J27: 15 | K27: =IF($B27="","",IF(OR(I27="",J27=""),"",PI()*I27^2/4/J27)) -> 5.2359878 | L27: =IF($B27="","",IF(K27="","",0.9*K27*100*Datos!$C$25*(C27*10-K27*100*Datos!$C$25/(0.85*Datos!$C$14*1000)/2)/10^6)) -> 21.736722 | M27: =IF($B27="","",MIN(3*F17,45)) -> 42 | N27: =IF($B27="","",IF(D27=0,"–",IF(NOT(ISNUMBER(G27)),"AUMENTAR h",IF(K27="","REVISAR",IF(AND(K27>=G27,K27>=H27,L27>=D27,J27<=M27),"CUMPLE","NO CUMPLE"))))) -> CUMPLE
B28: =IF(B18="","",B18) -> L3 | C28: =IF($B28="","",F18-Datos!$C$20/10-I28/20) -> 10 | D28: =IF($B28="","",K18) -> 0 | E28: =IF($B28="","",IF(D28=0,0,D28*10^6/(0.9*1000*(C28*10)^2))) -> 0 | F28: =IF($B28="","",IF(1-2*E28/(0.85*Datos!$C$14)<0,"AUMENTAR h",0.85*Datos!$C$14/Datos!$C$25*(1-SQRT(1-2*E28/(0.85*Datos!$C$14))))) -> 0 | G28: =IF($B28="","",IF(ISNUMBER(F28),F28*1000*C28*10/100,"AUMENTAR h")) -> 0 | H28: =IF($B28="","",IF(Datos!$C$25<=350,0.002,MAX(0.0014,0.0018*420/Datos!$C$25))*1000*F18*10/100) -> 2.16 | K28: =IF($B28="","",IF(OR(I28="",J28=""),"",PI()*I28^2/4/J28)) | L28: =IF($B28="","",IF(K28="","",0.9*K28*100*Datos!$C$25*(C28*10-K28*100*Datos!$C$25/(0.85*Datos!$C$14*1000)/2)/10^6)) | M28: =IF($B28="","",MIN(3*F18,45)) -> 36 | N28: =IF($B28="","",IF(D28=0,"–",IF(NOT(ISNUMBER(G28)),"AUMENTAR h",IF(K28="","REVISAR",IF(AND(K28>=G28,K28>=H28,L28>=D28,J28<=M28),"CUMPLE","NO CUMPLE"))))) -> –
B29: =IF(B19="","",B19) | C29: =IF($B29="","",F19-Datos!$C$20/10-I29/20) | D29: =IF($B29="","",K19) | E29: =IF($B29="","",IF(D29=0,0,D29*10^6/(0.9*1000*(C29*10)^2))) | F29: =IF($B29="","",IF(1-2*E29/(0.85*Datos!$C$14)<0,"AUMENTAR h",0.85*Datos!$C$14/Datos!$C$25*(1-SQRT(1-2*E29/(0.85*Datos!$C$14))))) | G29: =IF($B29="","",IF(ISNUMBER(F29),F29*1000*C29*10/100,"AUMENTAR h")) | H29: =IF($B29="","",IF(Datos!$C$25<=350,0.002,MAX(0.0014,0.0018*420/Datos!$C$25))*1000*F19*10/100) | K29: =IF($B29="","",IF(OR(I29="",J29=""),"",PI()*I29^2/4/J29)) | L29: =IF($B29="","",IF(K29="","",0.9*K29*100*Datos!$C$25*(C29*10-K29*100*Datos!$C$25/(0.85*Datos!$C$14*1000)/2)/10^6)) | M29: =IF($B29="","",MIN(3*F19,45)) | N29: =IF($B29="","",IF(D29=0,"–",IF(NOT(ISNUMBER(G29)),"AUMENTAR h",IF(K29="","REVISAR",IF(AND(K29>=G29,K29>=H29,L29>=D29,J29<=M29),"CUMPLE","NO CUMPLE")))))
B30: =IF(B20="","",B20) | C30: =IF($B30="","",F20-Datos!$C$20/10-I30/20) | D30: =IF($B30="","",K20) | E30: =IF($B30="","",IF(D30=0,0,D30*10^6/(0.9*1000*(C30*10)^2))) | F30: =IF($B30="","",IF(1-2*E30/(0.85*Datos!$C$14)<0,"AUMENTAR h",0.85*Datos!$C$14/Datos!$C$25*(1-SQRT(1-2*E30/(0.85*Datos!$C$14))))) | G30: =IF($B30="","",IF(ISNUMBER(F30),F30*1000*C30*10/100,"AUMENTAR h")) | H30: =IF($B30="","",IF(Datos!$C$25<=350,0.002,MAX(0.0014,0.0018*420/Datos!$C$25))*1000*F20*10/100) | K30: =IF($B30="","",IF(OR(I30="",J30=""),"",PI()*I30^2/4/J30)) | L30: =IF($B30="","",IF(K30="","",0.9*K30*100*Datos!$C$25*(C30*10-K30*100*Datos!$C$25/(0.85*Datos!$C$14*1000)/2)/10^6)) | M30: =IF($B30="","",MIN(3*F20,45)) | N30: =IF($B30="","",IF(D30=0,"–",IF(NOT(ISNUMBER(G30)),"AUMENTAR h",IF(K30="","REVISAR",IF(AND(K30>=G30,K30>=H30,L30>=D30,J30<=M30),"CUMPLE","NO CUMPLE")))))
B31: =IF(B21="","",B21) | C31: =IF($B31="","",F21-Datos!$C$20/10-I31/20) | D31: =IF($B31="","",K21) | E31: =IF($B31="","",IF(D31=0,0,D31*10^6/(0.9*1000*(C31*10)^2))) | F31: =IF($B31="","",IF(1-2*E31/(0.85*Datos!$C$14)<0,"AUMENTAR h",0.85*Datos!$C$14/Datos!$C$25*(1-SQRT(1-2*E31/(0.85*Datos!$C$14))))) | G31: =IF($B31="","",IF(ISNUMBER(F31),F31*1000*C31*10/100,"AUMENTAR h")) | H31: =IF($B31="","",IF(Datos!$C$25<=350,0.002,MAX(0.0014,0.0018*420/Datos!$C$25))*1000*F21*10/100) | K31: =IF($B31="","",IF(OR(I31="",J31=""),"",PI()*I31^2/4/J31)) | L31: =IF($B31="","",IF(K31="","",0.9*K31*100*Datos!$C$25*(C31*10-K31*100*Datos!$C$25/(0.85*Datos!$C$14*1000)/2)/10^6)) | M31: =IF($B31="","",MIN(3*F21,45)) | N31: =IF($B31="","",IF(D31=0,"–",IF(NOT(ISNUMBER(G31)),"AUMENTAR h",IF(K31="","REVISAR",IF(AND(K31>=G31,K31>=H31,L31>=D31,J31<=M31),"CUMPLE","NO CUMPLE")))))
B32: As req. por ρ = 0,85·f'c/fy·(1 − √(1 − 2Rn/(0,85·f'c))), φ = 0,9 (sección controlada por tracción; si no, el programa avisa 'AUMENTAR h'). As mín. = retracción y temperatura (CIRSOC 201 §7.12 y §10.5.4). Separación máxima = menor de 3h y 450 mm.
B34: 3B. Armadura de APOYO (negativa) – solo losas continuas o en voladizo
B35: Losa | C35: d [cm] | D35: Mu [kNm/m] | E35: Rn [MPa] | F35: ρ req. | G35: As req. [cm²/m] | H35: As mín. [cm²/m] | I35: φ barra [mm] | J35: Separación [cm] | K35: As adopt. [cm²/m] | L35: φMn [kNm/m] | M35: Sep. máx. [cm] | N35: Verificación
B36: =IF(B16="","",B16) -> L1 | C36: =IF($B36="","",F16-Datos!$C$20/10-I36/20) -> 13 | D36: =IF($B36="","",L16) -> 0 | E36: =IF($B36="","",IF(D36=0,0,D36*10^6/(0.9*1000*(C36*10)^2))) -> 0 | F36: =IF($B36="","",IF(1-2*E36/(0.85*Datos!$C$14)<0,"AUMENTAR h",0.85*Datos!$C$14/Datos!$C$25*(1-SQRT(1-2*E36/(0.85*Datos!$C$14))))) -> 0 | G36: =IF($B36="","",IF(ISNUMBER(F36),F36*1000*C36*10/100,"AUMENTAR h")) -> 0 | H36: =IF($B36="","",IF(Datos!$C$25<=350,0.002,MAX(0.0014,0.0018*420/Datos!$C$25))*1000*F16*10/100) -> 2.7 | K36: =IF($B36="","",IF(OR(I36="",J36=""),"",PI()*I36^2/4/J36)) | L36: =IF($B36="","",IF(K36="","",0.9*K36*100*Datos!$C$25*(C36*10-K36*100*Datos!$C$25/(0.85*Datos!$C$14*1000)/2)/10^6)) | M36: =IF($B36="","",MIN(3*F16,45)) -> 45 | N36: =IF($B36="","",IF(D36=0,"–",IF(NOT(ISNUMBER(G36)),"AUMENTAR h",IF(K36="","REVISAR",IF(AND(K36>=G36,K36>=H36,L36>=D36,J36<=M36),"CUMPLE","NO CUMPLE"))))) -> –
B37: =IF(B17="","",B17) -> L2 | C37: =IF($B37="","",F17-Datos!$C$20/10-I37/20) -> 11.5 | D37: =IF($B37="","",L17) -> 11.587129 | E37: =IF($B37="","",IF(D37=0,0,D37*10^6/(0.9*1000*(C37*10)^2))) -> 0.97350379 | F37: =IF($B37="","",IF(1-2*E37/(0.85*Datos!$C$14)<0,"AUMENTAR h",0.85*Datos!$C$14/Datos!$C$25*(1-SQRT(1-2*E37/(0.85*Datos!$C$14))))) -> 0.0023735403 | G37: =IF($B37="","",IF(ISNUMBER(F37),F37*1000*C37*10/100,"AUMENTAR h")) -> 2.7295714 | H37: =IF($B37="","",IF(Datos!$C$25<=350,0.002,MAX(0.0014,0.0018*420/Datos!$C$25))*1000*F17*10/100) -> 2.52 | I37: 10 | J37: 15 | K37: =IF($B37="","",IF(OR(I37="",J37=""),"",PI()*I37^2/4/J37)) -> 5.2359878 | L37: =IF($B37="","",IF(K37="","",0.9*K37*100*Datos!$C$25*(C37*10-K37*100*Datos!$C$25/(0.85*Datos!$C$14*1000)/2)/10^6)) -> 21.736722 | M37: =IF($B37="","",MIN(3*F17,45)) -> 42 | N37: =IF($B37="","",IF(D37=0,"–",IF(NOT(ISNUMBER(G37)),"AUMENTAR h",IF(K37="","REVISAR",IF(AND(K37>=G37,K37>=H37,L37>=D37,J37<=M37),"CUMPLE","NO CUMPLE"))))) -> CUMPLE
B38: =IF(B18="","",B18) -> L3 | C38: =IF($B38="","",F18-Datos!$C$20/10-I38/20) -> 9.5 | D38: =IF($B38="","",L18) -> 5.59296 | E38: =IF($B38="","",IF(D38=0,0,D38*10^6/(0.9*1000*(C38*10)^2))) -> 0.68857618 | F38: =IF($B38="","",IF(1-2*E38/(0.85*Datos!$C$14)<0,"AUMENTAR h",0.85*Datos!$C$14/Datos!$C$25*(1-SQRT(1-2*E38/(0.85*Datos!$C$14))))) -> 0.0016669266 | G38: =IF($B38="","",IF(ISNUMBER(F38),F38*1000*C38*10/100,"AUMENTAR h")) -> 1.5835803 | H38: =IF($B38="","",IF(Datos!$C$25<=350,0.002,MAX(0.0014,0.0018*420/Datos!$C$25))*1000*F18*10/100) -> 2.16 | I38: 10 | J38: 15 | K38: =IF($B38="","",IF(OR(I38="",J38=""),"",PI()*I38^2/4/J38)) -> 5.2359878 | L38: =IF($B38="","",IF(K38="","",0.9*K38*100*Datos!$C$25*(C38*10-K38*100*Datos!$C$25/(0.85*Datos!$C$14*1000)/2)/10^6)) -> 17.778315 | M38: =IF($B38="","",MIN(3*F18,45)) -> 36 | N38: =IF($B38="","",IF(D38=0,"–",IF(NOT(ISNUMBER(G38)),"AUMENTAR h",IF(K38="","REVISAR",IF(AND(K38>=G38,K38>=H38,L38>=D38,J38<=M38),"CUMPLE","NO CUMPLE"))))) -> CUMPLE
B39: =IF(B19="","",B19) | C39: =IF($B39="","",F19-Datos!$C$20/10-I39/20) | D39: =IF($B39="","",L19) | E39: =IF($B39="","",IF(D39=0,0,D39*10^6/(0.9*1000*(C39*10)^2))) | F39: =IF($B39="","",IF(1-2*E39/(0.85*Datos!$C$14)<0,"AUMENTAR h",0.85*Datos!$C$14/Datos!$C$25*(1-SQRT(1-2*E39/(0.85*Datos!$C$14))))) | G39: =IF($B39="","",IF(ISNUMBER(F39),F39*1000*C39*10/100,"AUMENTAR h")) | H39: =IF($B39="","",IF(Datos!$C$25<=350,0.002,MAX(0.0014,0.0018*420/Datos!$C$25))*1000*F19*10/100) | K39: =IF($B39="","",IF(OR(I39="",J39=""),"",PI()*I39^2/4/J39)) | L39: =IF($B39="","",IF(K39="","",0.9*K39*100*Datos!$C$25*(C39*10-K39*100*Datos!$C$25/(0.85*Datos!$C$14*1000)/2)/10^6)) | M39: =IF($B39="","",MIN(3*F19,45)) | N39: =IF($B39="","",IF(D39=0,"–",IF(NOT(ISNUMBER(G39)),"AUMENTAR h",IF(K39="","REVISAR",IF(AND(K39>=G39,K39>=H39,L39>=D39,J39<=M39),"CUMPLE","NO CUMPLE")))))
B40: =IF(B20="","",B20) | C40: =IF($B40="","",F20-Datos!$C$20/10-I40/20) | D40: =IF($B40="","",L20) | E40: =IF($B40="","",IF(D40=0,0,D40*10^6/(0.9*1000*(C40*10)^2))) | F40: =IF($B40="","",IF(1-2*E40/(0.85*Datos!$C$14)<0,"AUMENTAR h",0.85*Datos!$C$14/Datos!$C$25*(1-SQRT(1-2*E40/(0.85*Datos!$C$14))))) | G40: =IF($B40="","",IF(ISNUMBER(F40),F40*1000*C40*10/100,"AUMENTAR h")) | H40: =IF($B40="","",IF(Datos!$C$25<=350,0.002,MAX(0.0014,0.0018*420/Datos!$C$25))*1000*F20*10/100) | K40: =IF($B40="","",IF(OR(I40="",J40=""),"",PI()*I40^2/4/J40)) | L40: =IF($B40="","",IF(K40="","",0.9*K40*100*Datos!$C$25*(C40*10-K40*100*Datos!$C$25/(0.85*Datos!$C$14*1000)/2)/10^6)) | M40: =IF($B40="","",MIN(3*F20,45)) | N40: =IF($B40="","",IF(D40=0,"–",IF(NOT(ISNUMBER(G40)),"AUMENTAR h",IF(K40="","REVISAR",IF(AND(K40>=G40,K40>=H40,L40>=D40,J40<=M40),"CUMPLE","NO CUMPLE")))))
B41: =IF(B21="","",B21) | C41: =IF($B41="","",F21-Datos!$C$20/10-I41/20) | D41: =IF($B41="","",L21) | E41: =IF($B41="","",IF(D41=0,0,D41*10^6/(0.9*1000*(C41*10)^2))) | F41: =IF($B41="","",IF(1-2*E41/(0.85*Datos!$C$14)<0,"AUMENTAR h",0.85*Datos!$C$14/Datos!$C$25*(1-SQRT(1-2*E41/(0.85*Datos!$C$14))))) | G41: =IF($B41="","",IF(ISNUMBER(F41),F41*1000*C41*10/100,"AUMENTAR h")) | H41: =IF($B41="","",IF(Datos!$C$25<=350,0.002,MAX(0.0014,0.0018*420/Datos!$C$25))*1000*F21*10/100) | K41: =IF($B41="","",IF(OR(I41="",J41=""),"",PI()*I41^2/4/J41)) | L41: =IF($B41="","",IF(K41="","",0.9*K41*100*Datos!$C$25*(C41*10-K41*100*Datos!$C$25/(0.85*Datos!$C$14*1000)/2)/10^6)) | M41: =IF($B41="","",MIN(3*F21,45)) | N41: =IF($B41="","",IF(D41=0,"–",IF(NOT(ISNUMBER(G41)),"AUMENTAR h",IF(K41="","REVISAR",IF(AND(K41>=G41,K41>=H41,L41>=D41,J41<=M41),"CUMPLE","NO CUMPLE")))))
B43: 3C. Corte y armadura de reparto (retracción y temperatura)
B44: Losa | C44: Vu [kN/m] | D44: d [cm] | E44: φVc [kN/m] | F44: Corte | G44: φ reparto [mm] | H44: Sep. reparto [cm] | I44: As reparto [cm²/m] | J44: As mín. [cm²/m] | K44: Sep. máx. [cm] | L44: Reparto
B45: =IF(B16="","",B16) -> L1 | C45: =IF($B45="","",M16) -> 13.002 | D45: =IF($B45="","",IF(D16="Voladizo",C36,C26)) -> 12.5 | E45: =IF($B45="","",0.75*SQRT(Datos!$C$14)/6*D45*10) -> 78.125 | F45: =IF($B45="","",IF(C45<=E45,"CUMPLE","NO CUMPLE")) -> CUMPLE | G45: 8 | H45: 15 | I45: =IF($B45="","",IF(OR(G45="",H45=""),"",PI()*G45^2/4/H45)) -> 3.3510322 | J45: =IF($B45="","",IF(Datos!$C$25<=350,0.002,MAX(0.0014,0.0018*420/Datos!$C$25))*1000*F16*10/100) -> 2.7 | K45: =IF($B45="","",MIN(5*F16,45)) -> 45 | L45: =IF($B45="","",IF(I45="","REVISAR",IF(AND(I45>=J45,H45<=K45),"CUMPLE","NO CUMPLE"))) -> CUMPLE
B46: =IF(B17="","",B17) -> L2 | C46: =IF($B46="","",M17) -> 18.73856 | D46: =IF($B46="","",IF(D17="Voladizo",C37,C27)) -> 11.5 | E46: =IF($B46="","",0.75*SQRT(Datos!$C$14)/6*D46*10) -> 71.875 | F46: =IF($B46="","",IF(C46<=E46,"CUMPLE","NO CUMPLE")) -> CUMPLE | G46: 8 | H46: 15 | I46: =IF($B46="","",IF(OR(G46="",H46=""),"",PI()*G46^2/4/H46)) -> 3.3510322 | J46: =IF($B46="","",IF(Datos!$C$25<=350,0.002,MAX(0.0014,0.0018*420/Datos!$C$25))*1000*F17*10/100) -> 2.52 | K46: =IF($B46="","",MIN(5*F17,45)) -> 45 | L46: =IF($B46="","",IF(I46="","REVISAR",IF(AND(I46>=J46,H46<=K46),"CUMPLE","NO CUMPLE"))) -> CUMPLE
B47: =IF(B18="","",B18) -> L3 | C47: =IF($B47="","",M18) -> 9.3216 | D47: =IF($B47="","",IF(D18="Voladizo",C38,C28)) -> 9.5 | E47: =IF($B47="","",0.75*SQRT(Datos!$C$14)/6*D47*10) -> 59.375 | F47: =IF($B47="","",IF(C47<=E47,"CUMPLE","NO CUMPLE")) -> CUMPLE | G47: 8 | H47: 15 | I47: =IF($B47="","",IF(OR(G47="",H47=""),"",PI()*G47^2/4/H47)) -> 3.3510322 | J47: =IF($B47="","",IF(Datos!$C$25<=350,0.002,MAX(0.0014,0.0018*420/Datos!$C$25))*1000*F18*10/100) -> 2.16 | K47: =IF($B47="","",MIN(5*F18,45)) -> 45 | L47: =IF($B47="","",IF(I47="","REVISAR",IF(AND(I47>=J47,H47<=K47),"CUMPLE","NO CUMPLE"))) -> CUMPLE
B48: =IF(B19="","",B19) | C48: =IF($B48="","",M19) | D48: =IF($B48="","",IF(D19="Voladizo",C39,C29)) | E48: =IF($B48="","",0.75*SQRT(Datos!$C$14)/6*D48*10) | F48: =IF($B48="","",IF(C48<=E48,"CUMPLE","NO CUMPLE")) | I48: =IF($B48="","",IF(OR(G48="",H48=""),"",PI()*G48^2/4/H48)) | J48: =IF($B48="","",IF(Datos!$C$25<=350,0.002,MAX(0.0014,0.0018*420/Datos!$C$25))*1000*F19*10/100) | K48: =IF($B48="","",MIN(5*F19,45)) | L48: =IF($B48="","",IF(I48="","REVISAR",IF(AND(I48>=J48,H48<=K48),"CUMPLE","NO CUMPLE")))
B49: =IF(B20="","",B20) | C49: =IF($B49="","",M20) | D49: =IF($B49="","",IF(D20="Voladizo",C40,C30)) | E49: =IF($B49="","",0.75*SQRT(Datos!$C$14)/6*D49*10) | F49: =IF($B49="","",IF(C49<=E49,"CUMPLE","NO CUMPLE")) | I49: =IF($B49="","",IF(OR(G49="",H49=""),"",PI()*G49^2/4/H49)) | J49: =IF($B49="","",IF(Datos!$C$25<=350,0.002,MAX(0.0014,0.0018*420/Datos!$C$25))*1000*F20*10/100) | K49: =IF($B49="","",MIN(5*F20,45)) | L49: =IF($B49="","",IF(I49="","REVISAR",IF(AND(I49>=J49,H49<=K49),"CUMPLE","NO CUMPLE")))
B50: =IF(B21="","",B21) | C50: =IF($B50="","",M21) | D50: =IF($B50="","",IF(D21="Voladizo",C41,C31)) | E50: =IF($B50="","",0.75*SQRT(Datos!$C$14)/6*D50*10) | F50: =IF($B50="","",IF(C50<=E50,"CUMPLE","NO CUMPLE")) | I50: =IF($B50="","",IF(OR(G50="",H50=""),"",PI()*G50^2/4/H50)) | J50: =IF($B50="","",IF(Datos!$C$25<=350,0.002,MAX(0.0014,0.0018*420/Datos!$C$25))*1000*F21*10/100) | K50: =IF($B50="","",MIN(5*F21,45)) | L50: =IF($B50="","",IF(I50="","REVISAR",IF(AND(I50>=J50,H50<=K50),"CUMPLE","NO CUMPLE")))
B51: Corte: φVc = 0,75·(√f'c/6)·b·d (losa sin estribos; se verifica con Vu en la cara del apoyo, del lado seguro). Armadura de reparto: separación máxima = menor de 5h y 450 mm (CIRSOC 201 §7.12.2.2).

Sheet Viguetas y Correas
A1: VIGUETAS PRETENSADAS Y CORREAS DE MADERA
A2: Sistemas livianos de entrepiso y cubierta. Verificación de flexión, corte y flecha con cargas de servicio (las cargas D, L y Lr se toman de la hoja Cargas).
B4: 1. Viguetas pretensadas (sistema vigueta + bovedilla + capa de compresión)
B5: Cargas a utilizar en la verificación: | E5: Servicio | G5: Confirmar en el catálogo del fabricante si M adm es momento de servicio o último (la planilla original lo mezclaba).
B6: Vigueta | C6: Nivel | D6: Serie | E6: Luz L [m] | F6: Separación entre ejes [m] | G6: Peso propio del sistema [kN/m²] | H6: q de cálculo [kN/m²] | I6: q lineal [kN/m] | J6: M [kNm] | K6: V [kN] | L6: M adm [kNm] | M6: Verificación
B7: VP1 | C7: ENTREPISO | D7: Serie 3a | E7: 4 | F7: 0.7 | G7: 2.5 | H7: =IF($B7="","",IF($E$5="Servicio",IF(C7="TECHO",Cargas!$I$16,Cargas!$I$28)+G7+IF(C7="TECHO",Cargas!$I$34,Cargas!$I$33)+IF(C7="TECHO",Cargas!$I$32,Cargas!$I$35),MAX(1.4*(IF(C7="TECHO",Cargas!$I$16,Cargas!$I$28)+G7),1.2*(IF(C7="TECHO",Cargas!$I$16,Cargas!$I$28)+G7)+1.6*IF(C7="TECHO",Cargas!$I$34,Cargas!$I$33)+0.5*IF(C7="TECHO",Cargas!$I$32,Cargas!$I$35),1.2*(IF(C7="TECHO",Cargas!$I$16,Cargas!$I$28)+G7)+1.6*IF(C7="TECHO",Cargas!$I$32,Cargas!$I$35)+Cargas!$I$36*IF(C7="TECHO",Cargas!$I$34,Cargas!$I$33)))) -> 6.82 | I7: =IF($B7="","",H7*F7) -> 4.774 | J7: =IF($B7="","",I7*E7^2/8) -> 9.548 | K7: =IF($B7="","",I7*E7/2) -> 9.548 | L7: =IF($B7="","",INDEX(Tablas!$L$62:$L$71,MATCH(D7,Tablas!$K$62:$K$71,0))) -> 11.92 | M7: =IF($B7="","",IF(J7<=L7,"CUMPLE","NO CUMPLE")) -> CUMPLE
B8: VP2 | C8: TECHO | D8: Serie 2a | E8: 3.5 | F8: 0.7 | G8: 2.5 | H8: =IF($B8="","",IF($E$5="Servicio",IF(C8="TECHO",Cargas!$I$16,Cargas!$I$28)+G8+IF(C8="TECHO",Cargas!$I$34,Cargas!$I$33)+IF(C8="TECHO",Cargas!$I$32,Cargas!$I$35),MAX(1.4*(IF(C8="TECHO",Cargas!$I$16,Cargas!$I$28)+G8),1.2*(IF(C8="TECHO",Cargas!$I$16,Cargas!$I$28)+G8)+1.6*IF(C8="TECHO",Cargas!$I$34,Cargas!$I$33)+0.5*IF(C8="TECHO",Cargas!$I$32,Cargas!$I$35),1.2*(IF(C8="TECHO",Cargas!$I$16,Cargas!$I$28)+G8)+1.6*IF(C8="TECHO",Cargas!$I$32,Cargas!$I$35)+Cargas!$I$36*IF(C8="TECHO",Cargas!$I$34,Cargas!$I$33)))) -> 5.64 | I8: =IF($B8="","",H8*F8) -> 3.948 | J8: =IF($B8="","",I8*E8^2/8) -> 6.045375 | K8: =IF($B8="","",I8*E8/2) -> 6.909 | L8: =IF($B8="","",INDEX(Tablas!$L$62:$L$71,MATCH(D8,Tablas!$K$62:$K$71,0))) -> 10.89 | M8: =IF($B8="","",IF(J8<=L8,"CUMPLE","NO CUMPLE")) -> CUMPLE
H9: =IF($B9="","",IF($E$5="Servicio",IF(C9="TECHO",Cargas!$I$16,Cargas!$I$28)+G9+IF(C9="TECHO",Cargas!$I$34,Cargas!$I$33)+IF(C9="TECHO",Cargas!$I$32,Cargas!$I$35),MAX(1.4*(IF(C9="TECHO",Cargas!$I$16,Cargas!$I$28)+G9),1.2*(IF(C9="TECHO",Cargas!$I$16,Cargas!$I$28)+G9)+1.6*IF(C9="TECHO",Cargas!$I$34,Cargas!$I$33)+0.5*IF(C9="TECHO",Cargas!$I$32,Cargas!$I$35),1.2*(IF(C9="TECHO",Cargas!$I$16,Cargas!$I$28)+G9)+1.6*IF(C9="TECHO",Cargas!$I$32,Cargas!$I$35)+Cargas!$I$36*IF(C9="TECHO",Cargas!$I$34,Cargas!$I$33)))) | I9: =IF($B9="","",H9*F9) | J9: =IF($B9="","",I9*E9^2/8) | K9: =IF($B9="","",I9*E9/2) | L9: =IF($B9="","",INDEX(Tablas!$L$62:$L$71,MATCH(D9,Tablas!$K$62:$K$71,0))) | M9: =IF($B9="","",IF(J9<=L9,"CUMPLE","NO CUMPLE"))
H10: =IF($B10="","",IF($E$5="Servicio",IF(C10="TECHO",Cargas!$I$16,Cargas!$I$28)+G10+IF(C10="TECHO",Cargas!$I$34,Cargas!$I$33)+IF(C10="TECHO",Cargas!$I$32,Cargas!$I$35),MAX(1.4*(IF(C10="TECHO",Cargas!$I$16,Cargas!$I$28)+G10),1.2*(IF(C10="TECHO",Cargas!$I$16,Cargas!$I$28)+G10)+1.6*IF(C10="TECHO",Cargas!$I$34,Cargas!$I$33)+0.5*IF(C10="TECHO",Cargas!$I$32,Cargas!$I$35),1.2*(IF(C10="TECHO",Cargas!$I$16,Cargas!$I$28)+G10)+1.6*IF(C10="TECHO",Cargas!$I$32,Cargas!$I$35)+Cargas!$I$36*IF(C10="TECHO",Cargas!$I$34,Cargas!$I$33)))) | I10: =IF($B10="","",H10*F10) | J10: =IF($B10="","",I10*E10^2/8) | K10: =IF($B10="","",I10*E10/2) | L10: =IF($B10="","",INDEX(Tablas!$L$62:$L$71,MATCH(D10,Tablas!$K$62:$K$71,0))) | M10: =IF($B10="","",IF(J10<=L10,"CUMPLE","NO CUMPLE"))
B11: Corrección respecto de la planilla original: el momento admisible se leía como 5,61 + valor de la serie (se sumaba siempre 5,61 kNm); ahora se toma directamente el valor de la serie. El peso propio del sistema (vigueta + bovedilla + capa) es dato del fabricante: 2,5 kN/m² es un valor de ejemplo. Verificar además la flecha y los apoyos con el catálogo.
B13: 2. Correas de madera (verificación por tensiones admisibles, cargas de servicio)
B14: Correa | C14: Nivel | D14: Sección (pino laminado) | E14: b [m] | F14: h [m] | G14: Luz L [m] | H14: Separación [m] | I14: Pendiente α [°] | J14: E [MPa] | K14: Fb adm [MPa] | L14: Fv adm [MPa] | M14: q lineal [kN/m] | N14: σ flexión [MPa] | O14: τ corte [MPa] | P14: Flecha [mm] | Q14: Flecha adm. L/x | R14: Verificación
B15: C1 | C15: TECHO | D15: Pino Laminado 4" x 9" (9 x 22,2 cm) | E15: =IF($B15="","",INDEX(Tablas!$S$5:$S$124,MATCH(D15,Tablas!$Q$5:$Q$124,0))) -> 0.09 | F15: =IF($B15="","",INDEX(Tablas!$T$5:$T$124,MATCH(D15,Tablas!$Q$5:$Q$124,0))) -> 0.222 | G15: 3 | H15: 0.6 | I15: 15 | J15: 11200 | K15: 6.3 | L15: 0.7 | M15: =IF($B15="","",(IF(C15="TECHO",Cargas!$I$16,Cargas!$I$28)+IF(C15="TECHO",Cargas!$I$34+Cargas!$I$32,Cargas!$I$33+Cargas!$I$35))*H15+INDEX(Tablas!$R$5:$R$124,MATCH(D15,Tablas!$Q$5:$Q$124,0))) -> 2.00388 | N15: =IF($B15="","",(M15*COS(RADIANS(I15))*G15^2/8)/(E15*F15^2/6)/1000) -> 2.9455799 | O15: =IF($B15="","",1.5*(M15*COS(RADIANS(I15))*G15/2)/(E15*F15)/1000) -> 0.21797291 | P15: =IF($B15="","",5*M15*COS(RADIANS(I15))*G15^4/(384*J15*1000*(E15*F15^3/12))*1000) -> 2.2212686 | Q15: 300 | R15: =IF($B15="","",IF(AND(N15<=K15,O15<=L15,P15<=G15*1000/Q15),"CUMPLE","NO CUMPLE")) -> CUMPLE
E16: =IF($B16="","",INDEX(Tablas!$S$5:$S$124,MATCH(D16,Tablas!$Q$5:$Q$124,0))) | F16: =IF($B16="","",INDEX(Tablas!$T$5:$T$124,MATCH(D16,Tablas!$Q$5:$Q$124,0))) | M16: =IF($B16="","",(IF(C16="TECHO",Cargas!$I$16,Cargas!$I$28)+IF(C16="TECHO",Cargas!$I$34+Cargas!$I$32,Cargas!$I$33+Cargas!$I$35))*H16+INDEX(Tablas!$R$5:$R$124,MATCH(D16,Tablas!$Q$5:$Q$124,0))) | N16: =IF($B16="","",(M16*COS(RADIANS(I16))*G16^2/8)/(E16*F16^2/6)/1000) | O16: =IF($B16="","",1.5*(M16*COS(RADIANS(I16))*G16/2)/(E16*F16)/1000) | P16: =IF($B16="","",5*M16*COS(RADIANS(I16))*G16^4/(384*J16*1000*(E16*F16^3/12))*1000) | R16: =IF($B16="","",IF(AND(N16<=K16,O16<=L16,P16<=G16*1000/Q16),"CUMPLE","NO CUMPLE"))
E17: =IF($B17="","",INDEX(Tablas!$S$5:$S$124,MATCH(D17,Tablas!$Q$5:$Q$124,0))) | F17: =IF($B17="","",INDEX(Tablas!$T$5:$T$124,MATCH(D17,Tablas!$Q$5:$Q$124,0))) | M17: =IF($B17="","",(IF(C17="TECHO",Cargas!$I$16,Cargas!$I$28)+IF(C17="TECHO",Cargas!$I$34+Cargas!$I$32,Cargas!$I$33+Cargas!$I$35))*H17+INDEX(Tablas!$R$5:$R$124,MATCH(D17,Tablas!$Q$5:$Q$124,0))) | N17: =IF($B17="","",(M17*COS(RADIANS(I17))*G17^2/8)/(E17*F17^2/6)/1000) | O17: =IF($B17="","",1.5*(M17*COS(RADIANS(I17))*G17/2)/(E17*F17)/1000) | P17: =IF($B17="","",5*M17*COS(RADIANS(I17))*G17^4/(384*J17*1000*(E17*F17^3/12))*1000) | R17: =IF($B17="","",IF(AND(N17<=K17,O17<=L17,P17<=G17*1000/Q17),"CUMPLE","NO CUMPLE"))
E18: =IF($B18="","",INDEX(Tablas!$S$5:$S$124,MATCH(D18,Tablas!$Q$5:$Q$124,0))) | F18: =IF($B18="","",INDEX(Tablas!$T$5:$T$124,MATCH(D18,Tablas!$Q$5:$Q$124,0))) | M18: =IF($B18="","",(IF(C18="TECHO",Cargas!$I$16,Cargas!$I$28)+IF(C18="TECHO",Cargas!$I$34+Cargas!$I$32,Cargas!$I$33+Cargas!$I$35))*H18+INDEX(Tablas!$R$5:$R$124,MATCH(D18,Tablas!$Q$5:$Q$124,0))) | N18: =IF($B18="","",(M18*COS(RADIANS(I18))*G18^2/8)/(E18*F18^2/6)/1000) | O18: =IF($B18="","",1.5*(M18*COS(RADIANS(I18))*G18/2)/(E18*F18)/1000) | P18: =IF($B18="","",5*M18*COS(RADIANS(I18))*G18^4/(384*J18*1000*(E18*F18^3/12))*1000) | R18: =IF($B18="","",IF(AND(N18<=K18,O18<=L18,P18<=G18*1000/Q18),"CUMPLE","NO CUMPLE"))
B19: Cargas de servicio: q = (D + L + Lr)·separación + peso propio de la correa. Flecha = 5·q·cosα·L⁴/(384·E·I) con E en kN/m² (1 MPa = 1000 kN/m²); la planilla original multiplicaba dos veces por la separación y mezclaba unidades (el resultado era ≈ 50 veces mayor que el real). Los valores admisibles Fb, Fv y E son datos de la clase resistente de la madera (CIRSOC 601): los de ejemplo son los de la planilla original; reemplazar por los del material adoptado. Flecha admisible L/300 en cubiertas, L/200 en entrepisos (valor orientativo).

Sheet Vigas
A1: VIGAS DE HORMIGÓN ARMADO (CIRSOC 201-2005)
A2: Sección rectangular con armadura simple en una capa. Esfuerzos por coeficientes aproximados (CIRSOC 201 §8.3.3). Vigas con torsión, vigas T o análisis de pórtico: verificar aparte.
B4: 1. Predimensionado de altura – CIRSOC 201 Tabla 9.5(a) (vigas)
B5: Viga | C5: Condición de apoyo | D5: Luz L [m] | E5: Divisor (L/x) | F5: Factor fy | G5: h mín [cm] | H5: h adoptado [cm] | I5: Verificación
B6: V1 | C6: Un extremo continuo | D6: 3.5 | E6: =IF($B6="","",INDEX(Tablas!$L$43:$O$44,2,MATCH(C6,Tablas!$L$42:$O$42,0))) -> 18.5 | F6: =IF($B6="","",IF(Datos!$C$25=420,1,0.4+Datos!$C$25/700)) -> 1 | G6: =IF($B6="","",D6/E6*F6*100) -> 18.918919 | H6: 40 | I6: =IF($B6="","",IF(H6>=G6,"CUMPLE","NO CUMPLE")) -> CUMPLE
B7: V2 | C7: Simplemente apoyado | D7: 3 | E7: =IF($B7="","",INDEX(Tablas!$L$43:$O$44,2,MATCH(C7,Tablas!$L$42:$O$42,0))) -> 16 | F7: =IF($B7="","",IF(Datos!$C$25=420,1,0.4+Datos!$C$25/700)) -> 1 | G7: =IF($B7="","",D7/E7*F7*100) -> 18.75 | H7: 40 | I7: =IF($B7="","",IF(H7>=G7,"CUMPLE","NO CUMPLE")) -> CUMPLE
E8: =IF($B8="","",INDEX(Tablas!$L$43:$O$44,2,MATCH(C8,Tablas!$L$42:$O$42,0))) | F8: =IF($B8="","",IF(Datos!$C$25=420,1,0.4+Datos!$C$25/700)) | G8: =IF($B8="","",D8/E8*F8*100) | I8: =IF($B8="","",IF(H8>=G8,"CUMPLE","NO CUMPLE"))
E9: =IF($B9="","",INDEX(Tablas!$L$43:$O$44,2,MATCH(C9,Tablas!$L$42:$O$42,0))) | F9: =IF($B9="","",IF(Datos!$C$25=420,1,0.4+Datos!$C$25/700)) | G9: =IF($B9="","",D9/E9*F9*100) | I9: =IF($B9="","",IF(H9>=G9,"CUMPLE","NO CUMPLE"))
E10: =IF($B10="","",INDEX(Tablas!$L$43:$O$44,2,MATCH(C10,Tablas!$L$42:$O$42,0))) | F10: =IF($B10="","",IF(Datos!$C$25=420,1,0.4+Datos!$C$25/700)) | G10: =IF($B10="","",D10/E10*F10*100) | I10: =IF($B10="","",IF(H10>=G10,"CUMPLE","NO CUMPLE"))
E11: =IF($B11="","",INDEX(Tablas!$L$43:$O$44,2,MATCH(C11,Tablas!$L$42:$O$42,0))) | F11: =IF($B11="","",IF(Datos!$C$25=420,1,0.4+Datos!$C$25/700)) | G11: =IF($B11="","",D11/E11*F11*100) | I11: =IF($B11="","",IF(H11>=G11,"CUMPLE","NO CUMPLE"))
B13: 2. Cargas y esfuerzos
B14: Viga | C14: Esquema estático | D14: bw [cm] | E14: h [cm] | F14: L [m] | G14: Estribo φ [mm] | H14: Reacción de losas mayorada [kN/m] | I14: D adicional (muros, etc.) [kN/m] | J14: L adicional [kN/m] | K14: D viga total [kN/m] | L14: qu [kN/m] | M14: Mu(+) [kNm] | N14: Mu(−) [kNm] | O14: Vu [kN]
B15: =IF(B6="","",B6) -> V1 | C15: Continua 2 tramos – tramo extremo | D15: 20 | E15: =IF($B15="","",H6) -> 40 | F15: =IF($B15="","",D6) -> 3.5 | G15: 8 | H15: =Losas!$O$17 -> 37.47712 | I15: =Cargas!$I$51 -> 5.616 | J15: 0 | K15: =IF($B15="","",Datos!$C$17*D15*E15/10000+N(I15)) -> 7.616 | L15: =IF($B15="","",N(H15)+MAX(1.4*K15,1.2*K15+1.6*N(J15))) -> 48.13952 | M15: =IF($B15="","",INDEX(Tablas!$L$34:$L$38,MATCH(C15,Tablas!$K$34:$K$38,0))*L15*F15^2) -> 53.60992 | N15: =IF($B15="","",INDEX(Tablas!$M$34:$M$38,MATCH(C15,Tablas!$K$34:$K$38,0))*L15*F15^2) -> 65.523236 | O15: =IF($B15="","",INDEX(Tablas!$N$34:$N$38,MATCH(C15,Tablas!$K$34:$K$38,0))*L15*F15) -> 96.880784
B16: =IF(B7="","",B7) -> V2 | C16: Simplemente apoyada | D16: 20 | E16: =IF($B16="","",H7) -> 40 | F16: =IF($B16="","",D7) -> 3 | G16: 8 | H16: =Losas!$N$16 -> 13.002 | I16: 0 | J16: 0 | K16: =IF($B16="","",Datos!$C$17*D16*E16/10000+N(I16)) -> 2 | L16: =IF($B16="","",N(H16)+MAX(1.4*K16,1.2*K16+1.6*N(J16))) -> 15.802 | M16: =IF($B16="","",INDEX(Tablas!$L$34:$L$38,MATCH(C16,Tablas!$K$34:$K$38,0))*L16*F16^2) -> 17.77725 | N16: =IF($B16="","",INDEX(Tablas!$M$34:$M$38,MATCH(C16,Tablas!$K$34:$K$38,0))*L16*F16^2) -> 0 | O16: =IF($B16="","",INDEX(Tablas!$N$34:$N$38,MATCH(C16,Tablas!$K$34:$K$38,0))*L16*F16) -> 23.703
B17: =IF(B8="","",B8) | E17: =IF($B17="","",H8) | F17: =IF($B17="","",D8) | K17: =IF($B17="","",Datos!$C$17*D17*E17/10000+N(I17)) | L17: =IF($B17="","",N(H17)+MAX(1.4*K17,1.2*K17+1.6*N(J17))) | M17: =IF($B17="","",INDEX(Tablas!$L$34:$L$38,MATCH(C17,Tablas!$K$34:$K$38,0))*L17*F17^2) | N17: =IF($B17="","",INDEX(Tablas!$M$34:$M$38,MATCH(C17,Tablas!$K$34:$K$38,0))*L17*F17^2) | O17: =IF($B17="","",INDEX(Tablas!$N$34:$N$38,MATCH(C17,Tablas!$K$34:$K$38,0))*L17*F17)
B18: =IF(B9="","",B9) | E18: =IF($B18="","",H9) | F18: =IF($B18="","",D9) | K18: =IF($B18="","",Datos!$C$17*D18*E18/10000+N(I18)) | L18: =IF($B18="","",N(H18)+MAX(1.4*K18,1.2*K18+1.6*N(J18))) | M18: =IF($B18="","",INDEX(Tablas!$L$34:$L$38,MATCH(C18,Tablas!$K$34:$K$38,0))*L18*F18^2) | N18: =IF($B18="","",INDEX(Tablas!$M$34:$M$38,MATCH(C18,Tablas!$K$34:$K$38,0))*L18*F18^2) | O18: =IF($B18="","",INDEX(Tablas!$N$34:$N$38,MATCH(C18,Tablas!$K$34:$K$38,0))*L18*F18)
B19: =IF(B10="","",B10) | E19: =IF($B19="","",H10) | F19: =IF($B19="","",D10) | K19: =IF($B19="","",Datos!$C$17*D19*E19/10000+N(I19)) | L19: =IF($B19="","",N(H19)+MAX(1.4*K19,1.2*K19+1.6*N(J19))) | M19: =IF($B19="","",INDEX(Tablas!$L$34:$L$38,MATCH(C19,Tablas!$K$34:$K$38,0))*L19*F19^2) | N19: =IF($B19="","",INDEX(Tablas!$M$34:$M$38,MATCH(C19,Tablas!$K$34:$K$38,0))*L19*F19^2) | O19: =IF($B19="","",INDEX(Tablas!$N$34:$N$38,MATCH(C19,Tablas!$K$34:$K$38,0))*L19*F19)
B20: =IF(B11="","",B11) | E20: =IF($B20="","",H11) | F20: =IF($B20="","",D11) | K20: =IF($B20="","",Datos!$C$17*D20*E20/10000+N(I20)) | L20: =IF($B20="","",N(H20)+MAX(1.4*K20,1.2*K20+1.6*N(J20))) | M20: =IF($B20="","",INDEX(Tablas!$L$34:$L$38,MATCH(C20,Tablas!$K$34:$K$38,0))*L20*F20^2) | N20: =IF($B20="","",INDEX(Tablas!$M$34:$M$38,MATCH(C20,Tablas!$K$34:$K$38,0))*L20*F20^2) | O20: =IF($B20="","",INDEX(Tablas!$N$34:$N$38,MATCH(C20,Tablas!$K$34:$K$38,0))*L20*F20)
B21: Las celdas con letra verde (reacciones de losas y mampostería) están vinculadas a las hojas Losas y Cargas; se pueden sobrescribir. qu = reacción de losas (ya mayorada) + máx(1,4·D; 1,2·D + 1,6·L) con D = peso propio de la viga + cargas permanentes adicionales. Mu = coeficiente·qu·L² (tabla de la hoja Tablas).
B23: 3. Armadura longitudinal (flexión) – CIRSOC 201 cap. 10
B24: Viga | C24: Sección | D24: Mu [kNm] | E24: N° barras | F24: φ barra [mm] | G24: d [cm] | H24: Rn [MPa] | I24: As req. [cm²] | J24: As mín. [cm²] | K24: As adopt. [cm²] | L24: c/d (≤0,375) | M24: φMn [kNm] | N24: Sep. libre [mm] | O24: Sep. libre mín. [mm] | P24: Verificación
B25: =IF(B15="","",B15) -> V1 | C25: =IF($B25="","","Apoyo (−) – armadura superior") -> Apoyo (−) – armadura superior | D25: =IF($B25="","",N15) -> 65.523236 | E25: 3 | F25: 16 | G25: =IF($B25="","",IF(F25="","",E15-Datos!$C$19/10-G15/10-F25/20)) -> 34.4 | H25: =IF($B25="","",IF(OR(G25="",D25=0),0,D25*10^6/(0.9*D15*10*(G25*10)^2))) -> 3.0761389 | I25: =IF($B25="","",IF(G25="","",IF(1-2*H25/(0.85*Datos!$C$14)<0,"AUMENTAR sección",0.85*Datos!$C$14/Datos!$C$25*(1-SQRT(1-2*H25/(0.85*Datos!$C$14)))*D15*10*G25*10/100))) -> 5.4685631 | J25: =IF($B25="","",IF(G25="","",IF(D25=0,0,MAX(SQRT(Datos!$C$14)/(4*Datos!$C$25),1.4/Datos!$C$25)*D15*10*G25*10/100))) -> 2.2933333 | K25: =IF($B25="","",IF(OR(E25="",F25=""),"",E25*PI()*F25^2/400)) -> 6.0318579 | L25: =IF($B25="","",IF(K25="","",K25*100*Datos!$C$25/(0.85*Datos!$C$14*D15*10)/Datos!$C$16/(G25*10))) -> 0.20386097 | M25: =IF($B25="","",IF(K25="","",0.9*K25*100*Datos!$C$25*(G25*10-K25*100*Datos!$C$25/(0.85*Datos!$C$14*D15*10)/2)/10^6)) -> 71.637908 | N25: =IF($B25="","",IF(OR(E25="",F25=""),"",IF(E25<2,"",(D15*10-2*Datos!$C$19-2*G15-E25*F25)/(E25-1)))) -> 28 | O25: =IF($B25="","",IF(F25="","",MAX(25,F25))) -> 25 | P25: =IF($B25="","",IF(D25=0,"–",IF(NOT(ISNUMBER(I25)),"AUMENTAR sección",IF(K25="","REVISAR",IF(AND(K25>=I25,K25>=J25,M25>=D25,L25<=0.375,OR(N25="",N25>=O25)),"CUMPLE","NO CUMPLE"))))) -> CUMPLE
B26: =IF(B15="","",B15) -> V1 | C26: =IF($B26="","","Tramo (+) – armadura inferior") -> Tramo (+) – armadura inferior | D26: =IF($B26="","",M15) -> 53.60992 | E26: 3 | F26: 14 | G26: =IF($B26="","",IF(F26="","",E15-Datos!$C$19/10-G15/10-F26/20)) -> 34.5 | H26: =IF($B26="","",IF(OR(G26="",D26=0),0,D26*10^6/(0.9*D15*10*(G26*10)^2))) -> 2.5022717 | I26: =IF($B26="","",IF(G26="","",IF(1-2*H26/(0.85*Datos!$C$14)<0,"AUMENTAR sección",0.85*Datos!$C$14/Datos!$C$25*(1-SQRT(1-2*H26/(0.85*Datos!$C$14)))*D15*10*G26*10/100))) -> 4.3864483 | J26: =IF($B26="","",IF(G26="","",IF(D26=0,0,MAX(SQRT(Datos!$C$14)/(4*Datos!$C$25),1.4/Datos!$C$25)*D15*10*G26*10/100))) -> 2.3 | K26: =IF($B26="","",IF(OR(E26="",F26=""),"",E26*PI()*F26^2/400)) -> 4.6181412 | L26: =IF($B26="","",IF(K26="","",K26*100*Datos!$C$25/(0.85*Datos!$C$14*D15*10)/Datos!$C$16/(G26*10))) -> 0.15562865 | M26: =IF($B26="","",IF(K26="","",0.9*K26*100*Datos!$C$25*(G26*10-K26*100*Datos!$C$25/(0.85*Datos!$C$14*D15*10)/2)/10^6)) -> 56.241755 | N26: =IF($B26="","",IF(OR(E26="",F26=""),"",IF(E26<2,"",(D15*10-2*Datos!$C$19-2*G15-E26*F26)/(E26-1)))) -> 31 | O26: =IF($B26="","",IF(F26="","",MAX(25,F26))) -> 25 | P26: =IF($B26="","",IF(D26=0,"–",IF(NOT(ISNUMBER(I26)),"AUMENTAR sección",IF(K26="","REVISAR",IF(AND(K26>=I26,K26>=J26,M26>=D26,L26<=0.375,OR(N26="",N26>=O26)),"CUMPLE","NO CUMPLE"))))) -> CUMPLE
B27: =IF(B16="","",B16) -> V2 | C27: =IF($B27="","","Apoyo (−) – armadura superior") -> Apoyo (−) – armadura superior | D27: =IF($B27="","",N16) -> 0 | G27: =IF($B27="","",IF(F27="","",E16-Datos!$C$19/10-G16/10-F27/20)) | H27: =IF($B27="","",IF(OR(G27="",D27=0),0,D27*10^6/(0.9*D16*10*(G27*10)^2))) -> 0 | I27: =IF($B27="","",IF(G27="","",IF(1-2*H27/(0.85*Datos!$C$14)<0,"AUMENTAR sección",0.85*Datos!$C$14/Datos!$C$25*(1-SQRT(1-2*H27/(0.85*Datos!$C$14)))*D16*10*G27*10/100))) | J27: =IF($B27="","",IF(G27="","",IF(D27=0,0,MAX(SQRT(Datos!$C$14)/(4*Datos!$C$25),1.4/Datos!$C$25)*D16*10*G27*10/100))) | K27: =IF($B27="","",IF(OR(E27="",F27=""),"",E27*PI()*F27^2/400)) | L27: =IF($B27="","",IF(K27="","",K27*100*Datos!$C$25/(0.85*Datos!$C$14*D16*10)/Datos!$C$16/(G27*10))) | M27: =IF($B27="","",IF(K27="","",0.9*K27*100*Datos!$C$25*(G27*10-K27*100*Datos!$C$25/(0.85*Datos!$C$14*D16*10)/2)/10^6)) | N27: =IF($B27="","",IF(OR(E27="",F27=""),"",IF(E27<2,"",(D16*10-2*Datos!$C$19-2*G16-E27*F27)/(E27-1)))) | O27: =IF($B27="","",IF(F27="","",MAX(25,F27))) | P27: =IF($B27="","",IF(D27=0,"–",IF(NOT(ISNUMBER(I27)),"AUMENTAR sección",IF(K27="","REVISAR",IF(AND(K27>=I27,K27>=J27,M27>=D27,L27<=0.375,OR(N27="",N27>=O27)),"CUMPLE","NO CUMPLE"))))) -> –
B28: =IF(B16="","",B16) -> V2 | C28: =IF($B28="","","Tramo (+) – armadura inferior") -> Tramo (+) – armadura inferior | D28: =IF($B28="","",M16) -> 17.77725 | E28: 3 | F28: 12 | G28: =IF($B28="","",IF(F28="","",E16-Datos!$C$19/10-G16/10-F28/20)) -> 34.6 | H28: =IF($B28="","",IF(OR(G28="",D28=0),0,D28*10^6/(0.9*D16*10*(G28*10)^2))) -> 0.82497327 | I28: =IF($B28="","",IF(G28="","",IF(1-2*H28/(0.85*Datos!$C$14)<0,"AUMENTAR sección",0.85*Datos!$C$14/Datos!$C$25*(1-SQRT(1-2*H28/(0.85*Datos!$C$14)))*D16*10*G28*10/100))) -> 1.386703 | J28: =IF($B28="","",IF(G28="","",IF(D28=0,0,MAX(SQRT(Datos!$C$14)/(4*Datos!$C$25),1.4/Datos!$C$25)*D16*10*G28*10/100))) -> 2.3066667 | K28: =IF($B28="","",IF(OR(E28="",F28=""),"",E28*PI()*F28^2/400)) -> 3.3929201 | L28: =IF($B28="","",IF(K28="","",K28*100*Datos!$C$25/(0.85*Datos!$C$14*D16*10)/Datos!$C$16/(G28*10))) -> 0.11400895 | M28: =IF($B28="","",IF(K28="","",0.9*K28*100*Datos!$C$25*(G28*10-K28*100*Datos!$C$25/(0.85*Datos!$C$14*D16*10)/2)/10^6)) -> 42.22517 | N28: =IF($B28="","",IF(OR(E28="",F28=""),"",IF(E28<2,"",(D16*10-2*Datos!$C$19-2*G16-E28*F28)/(E28-1)))) -> 34 | O28: =IF($B28="","",IF(F28="","",MAX(25,F28))) -> 25 | P28: =IF($B28="","",IF(D28=0,"–",IF(NOT(ISNUMBER(I28)),"AUMENTAR sección",IF(K28="","REVISAR",IF(AND(K28>=I28,K28>=J28,M28>=D28,L28<=0.375,OR(N28="",N28>=O28)),"CUMPLE","NO CUMPLE"))))) -> CUMPLE
B29: =IF(B17="","",B17) | C29: =IF($B29="","","Apoyo (−) – armadura superior") | D29: =IF($B29="","",N17) | G29: =IF($B29="","",IF(F29="","",E17-Datos!$C$19/10-G17/10-F29/20)) | H29: =IF($B29="","",IF(OR(G29="",D29=0),0,D29*10^6/(0.9*D17*10*(G29*10)^2))) | I29: =IF($B29="","",IF(G29="","",IF(1-2*H29/(0.85*Datos!$C$14)<0,"AUMENTAR sección",0.85*Datos!$C$14/Datos!$C$25*(1-SQRT(1-2*H29/(0.85*Datos!$C$14)))*D17*10*G29*10/100))) | J29: =IF($B29="","",IF(G29="","",IF(D29=0,0,MAX(SQRT(Datos!$C$14)/(4*Datos!$C$25),1.4/Datos!$C$25)*D17*10*G29*10/100))) | K29: =IF($B29="","",IF(OR(E29="",F29=""),"",E29*PI()*F29^2/400)) | L29: =IF($B29="","",IF(K29="","",K29*100*Datos!$C$25/(0.85*Datos!$C$14*D17*10)/Datos!$C$16/(G29*10))) | M29: =IF($B29="","",IF(K29="","",0.9*K29*100*Datos!$C$25*(G29*10-K29*100*Datos!$C$25/(0.85*Datos!$C$14*D17*10)/2)/10^6)) | N29: =IF($B29="","",IF(OR(E29="",F29=""),"",IF(E29<2,"",(D17*10-2*Datos!$C$19-2*G17-E29*F29)/(E29-1)))) | O29: =IF($B29="","",IF(F29="","",MAX(25,F29))) | P29: =IF($B29="","",IF(D29=0,"–",IF(NOT(ISNUMBER(I29)),"AUMENTAR sección",IF(K29="","REVISAR",IF(AND(K29>=I29,K29>=J29,M29>=D29,L29<=0.375,OR(N29="",N29>=O29)),"CUMPLE","NO CUMPLE")))))
B30: =IF(B17="","",B17) | C30: =IF($B30="","","Tramo (+) – armadura inferior") | D30: =IF($B30="","",M17) | G30: =IF($B30="","",IF(F30="","",E17-Datos!$C$19/10-G17/10-F30/20)) | H30: =IF($B30="","",IF(OR(G30="",D30=0),0,D30*10^6/(0.9*D17*10*(G30*10)^2))) | I30: =IF($B30="","",IF(G30="","",IF(1-2*H30/(0.85*Datos!$C$14)<0,"AUMENTAR sección",0.85*Datos!$C$14/Datos!$C$25*(1-SQRT(1-2*H30/(0.85*Datos!$C$14)))*D17*10*G30*10/100))) | J30: =IF($B30="","",IF(G30="","",IF(D30=0,0,MAX(SQRT(Datos!$C$14)/(4*Datos!$C$25),1.4/Datos!$C$25)*D17*10*G30*10/100))) | K30: =IF($B30="","",IF(OR(E30="",F30=""),"",E30*PI()*F30^2/400)) | L30: =IF($B30="","",IF(K30="","",K30*100*Datos!$C$25/(0.85*Datos!$C$14*D17*10)/Datos!$C$16/(G30*10))) | M30: =IF($B30="","",IF(K30="","",0.9*K30*100*Datos!$C$25*(G30*10-K30*100*Datos!$C$25/(0.85*Datos!$C$14*D17*10)/2)/10^6)) | N30: =IF($B30="","",IF(OR(E30="",F30=""),"",IF(E30<2,"",(D17*10-2*Datos!$C$19-2*G17-E30*F30)/(E30-1)))) | O30: =IF($B30="","",IF(F30="","",MAX(25,F30))) | P30: =IF($B30="","",IF(D30=0,"–",IF(NOT(ISNUMBER(I30)),"AUMENTAR sección",IF(K30="","REVISAR",IF(AND(K30>=I30,K30>=J30,M30>=D30,L30<=0.375,OR(N30="",N30>=O30)),"CUMPLE","NO CUMPLE")))))
B31: =IF(B18="","",B18) | C31: =IF($B31="","","Apoyo (−) – armadura superior") | D31: =IF($B31="","",N18) | G31: =IF($B31="","",IF(F31="","",E18-Datos!$C$19/10-G18/10-F31/20)) | H31: =IF($B31="","",IF(OR(G31="",D31=0),0,D31*10^6/(0.9*D18*10*(G31*10)^2))) | I31: =IF($B31="","",IF(G31="","",IF(1-2*H31/(0.85*Datos!$C$14)<0,"AUMENTAR sección",0.85*Datos!$C$14/Datos!$C$25*(1-SQRT(1-2*H31/(0.85*Datos!$C$14)))*D18*10*G31*10/100))) | J31: =IF($B31="","",IF(G31="","",IF(D31=0,0,MAX(SQRT(Datos!$C$14)/(4*Datos!$C$25),1.4/Datos!$C$25)*D18*10*G31*10/100))) | K31: =IF($B31="","",IF(OR(E31="",F31=""),"",E31*PI()*F31^2/400)) | L31: =IF($B31="","",IF(K31="","",K31*100*Datos!$C$25/(0.85*Datos!$C$14*D18*10)/Datos!$C$16/(G31*10))) | M31: =IF($B31="","",IF(K31="","",0.9*K31*100*Datos!$C$25*(G31*10-K31*100*Datos!$C$25/(0.85*Datos!$C$14*D18*10)/2)/10^6)) | N31: =IF($B31="","",IF(OR(E31="",F31=""),"",IF(E31<2,"",(D18*10-2*Datos!$C$19-2*G18-E31*F31)/(E31-1)))) | O31: =IF($B31="","",IF(F31="","",MAX(25,F31))) | P31: =IF($B31="","",IF(D31=0,"–",IF(NOT(ISNUMBER(I31)),"AUMENTAR sección",IF(K31="","REVISAR",IF(AND(K31>=I31,K31>=J31,M31>=D31,L31<=0.375,OR(N31="",N31>=O31)),"CUMPLE","NO CUMPLE")))))
B32: =IF(B18="","",B18) | C32: =IF($B32="","","Tramo (+) – armadura inferior") | D32: =IF($B32="","",M18) | G32: =IF($B32="","",IF(F32="","",E18-Datos!$C$19/10-G18/10-F32/20)) | H32: =IF($B32="","",IF(OR(G32="",D32=0),0,D32*10^6/(0.9*D18*10*(G32*10)^2))) | I32: =IF($B32="","",IF(G32="","",IF(1-2*H32/(0.85*Datos!$C$14)<0,"AUMENTAR sección",0.85*Datos!$C$14/Datos!$C$25*(1-SQRT(1-2*H32/(0.85*Datos!$C$14)))*D18*10*G32*10/100))) | J32: =IF($B32="","",IF(G32="","",IF(D32=0,0,MAX(SQRT(Datos!$C$14)/(4*Datos!$C$25),1.4/Datos!$C$25)*D18*10*G32*10/100))) | K32: =IF($B32="","",IF(OR(E32="",F32=""),"",E32*PI()*F32^2/400)) | L32: =IF($B32="","",IF(K32="","",K32*100*Datos!$C$25/(0.85*Datos!$C$14*D18*10)/Datos!$C$16/(G32*10))) | M32: =IF($B32="","",IF(K32="","",0.9*K32*100*Datos!$C$25*(G32*10-K32*100*Datos!$C$25/(0.85*Datos!$C$14*D18*10)/2)/10^6)) | N32: =IF($B32="","",IF(OR(E32="",F32=""),"",IF(E32<2,"",(D18*10-2*Datos!$C$19-2*G18-E32*F32)/(E32-1)))) | O32: =IF($B32="","",IF(F32="","",MAX(25,F32))) | P32: =IF($B32="","",IF(D32=0,"–",IF(NOT(ISNUMBER(I32)),"AUMENTAR sección",IF(K32="","REVISAR",IF(AND(K32>=I32,K32>=J32,M32>=D32,L32<=0.375,OR(N32="",N32>=O32)),"CUMPLE","NO CUMPLE")))))
B33: =IF(B19="","",B19) | C33: =IF($B33="","","Apoyo (−) – armadura superior") | D33: =IF($B33="","",N19) | G33: =IF($B33="","",IF(F33="","",E19-Datos!$C$19/10-G19/10-F33/20)) | H33: =IF($B33="","",IF(OR(G33="",D33=0),0,D33*10^6/(0.9*D19*10*(G33*10)^2))) | I33: =IF($B33="","",IF(G33="","",IF(1-2*H33/(0.85*Datos!$C$14)<0,"AUMENTAR sección",0.85*Datos!$C$14/Datos!$C$25*(1-SQRT(1-2*H33/(0.85*Datos!$C$14)))*D19*10*G33*10/100))) | J33: =IF($B33="","",IF(G33="","",IF(D33=0,0,MAX(SQRT(Datos!$C$14)/(4*Datos!$C$25),1.4/Datos!$C$25)*D19*10*G33*10/100))) | K33: =IF($B33="","",IF(OR(E33="",F33=""),"",E33*PI()*F33^2/400)) | L33: =IF($B33="","",IF(K33="","",K33*100*Datos!$C$25/(0.85*Datos!$C$14*D19*10)/Datos!$C$16/(G33*10))) | M33: =IF($B33="","",IF(K33="","",0.9*K33*100*Datos!$C$25*(G33*10-K33*100*Datos!$C$25/(0.85*Datos!$C$14*D19*10)/2)/10^6)) | N33: =IF($B33="","",IF(OR(E33="",F33=""),"",IF(E33<2,"",(D19*10-2*Datos!$C$19-2*G19-E33*F33)/(E33-1)))) | O33: =IF($B33="","",IF(F33="","",MAX(25,F33))) | P33: =IF($B33="","",IF(D33=0,"–",IF(NOT(ISNUMBER(I33)),"AUMENTAR sección",IF(K33="","REVISAR",IF(AND(K33>=I33,K33>=J33,M33>=D33,L33<=0.375,OR(N33="",N33>=O33)),"CUMPLE","NO CUMPLE")))))
B34: =IF(B19="","",B19) | C34: =IF($B34="","","Tramo (+) – armadura inferior") | D34: =IF($B34="","",M19) | G34: =IF($B34="","",IF(F34="","",E19-Datos!$C$19/10-G19/10-F34/20)) | H34: =IF($B34="","",IF(OR(G34="",D34=0),0,D34*10^6/(0.9*D19*10*(G34*10)^2))) | I34: =IF($B34="","",IF(G34="","",IF(1-2*H34/(0.85*Datos!$C$14)<0,"AUMENTAR sección",0.85*Datos!$C$14/Datos!$C$25*(1-SQRT(1-2*H34/(0.85*Datos!$C$14)))*D19*10*G34*10/100))) | J34: =IF($B34="","",IF(G34="","",IF(D34=0,0,MAX(SQRT(Datos!$C$14)/(4*Datos!$C$25),1.4/Datos!$C$25)*D19*10*G34*10/100))) | K34: =IF($B34="","",IF(OR(E34="",F34=""),"",E34*PI()*F34^2/400)) | L34: =IF($B34="","",IF(K34="","",K34*100*Datos!$C$25/(0.85*Datos!$C$14*D19*10)/Datos!$C$16/(G34*10))) | M34: =IF($B34="","",IF(K34="","",0.9*K34*100*Datos!$C$25*(G34*10-K34*100*Datos!$C$25/(0.85*Datos!$C$14*D19*10)/2)/10^6)) | N34: =IF($B34="","",IF(OR(E34="",F34=""),"",IF(E34<2,"",(D19*10-2*Datos!$C$19-2*G19-E34*F34)/(E34-1)))) | O34: =IF($B34="","",IF(F34="","",MAX(25,F34))) | P34: =IF($B34="","",IF(D34=0,"–",IF(NOT(ISNUMBER(I34)),"AUMENTAR sección",IF(K34="","REVISAR",IF(AND(K34>=I34,K34>=J34,M34>=D34,L34<=0.375,OR(N34="",N34>=O34)),"CUMPLE","NO CUMPLE")))))
B35: =IF(B20="","",B20) | C35: =IF($B35="","","Apoyo (−) – armadura superior") | D35: =IF($B35="","",N20) | G35: =IF($B35="","",IF(F35="","",E20-Datos!$C$19/10-G20/10-F35/20)) | H35: =IF($B35="","",IF(OR(G35="",D35=0),0,D35*10^6/(0.9*D20*10*(G35*10)^2))) | I35: =IF($B35="","",IF(G35="","",IF(1-2*H35/(0.85*Datos!$C$14)<0,"AUMENTAR sección",0.85*Datos!$C$14/Datos!$C$25*(1-SQRT(1-2*H35/(0.85*Datos!$C$14)))*D20*10*G35*10/100))) | J35: =IF($B35="","",IF(G35="","",IF(D35=0,0,MAX(SQRT(Datos!$C$14)/(4*Datos!$C$25),1.4/Datos!$C$25)*D20*10*G35*10/100))) | K35: =IF($B35="","",IF(OR(E35="",F35=""),"",E35*PI()*F35^2/400)) | L35: =IF($B35="","",IF(K35="","",K35*100*Datos!$C$25/(0.85*Datos!$C$14*D20*10)/Datos!$C$16/(G35*10))) | M35: =IF($B35="","",IF(K35="","",0.9*K35*100*Datos!$C$25*(G35*10-K35*100*Datos!$C$25/(0.85*Datos!$C$14*D20*10)/2)/10^6)) | N35: =IF($B35="","",IF(OR(E35="",F35=""),"",IF(E35<2,"",(D20*10-2*Datos!$C$19-2*G20-E35*F35)/(E35-1)))) | O35: =IF($B35="","",IF(F35="","",MAX(25,F35))) | P35: =IF($B35="","",IF(D35=0,"–",IF(NOT(ISNUMBER(I35)),"AUMENTAR sección",IF(K35="","REVISAR",IF(AND(K35>=I35,K35>=J35,M35>=D35,L35<=0.375,OR(N35="",N35>=O35)),"CUMPLE","NO CUMPLE")))))
B36: =IF(B20="","",B20) | C36: =IF($B36="","","Tramo (+) – armadura inferior") | D36: =IF($B36="","",M20) | G36: =IF($B36="","",IF(F36="","",E20-Datos!$C$19/10-G20/10-F36/20)) | H36: =IF($B36="","",IF(OR(G36="",D36=0),0,D36*10^6/(0.9*D20*10*(G36*10)^2))) | I36: =IF($B36="","",IF(G36="","",IF(1-2*H36/(0.85*Datos!$C$14)<0,"AUMENTAR sección",0.85*Datos!$C$14/Datos!$C$25*(1-SQRT(1-2*H36/(0.85*Datos!$C$14)))*D20*10*G36*10/100))) | J36: =IF($B36="","",IF(G36="","",IF(D36=0,0,MAX(SQRT(Datos!$C$14)/(4*Datos!$C$25),1.4/Datos!$C$25)*D20*10*G36*10/100))) | K36: =IF($B36="","",IF(OR(E36="",F36=""),"",E36*PI()*F36^2/400)) | L36: =IF($B36="","",IF(K36="","",K36*100*Datos!$C$25/(0.85*Datos!$C$14*D20*10)/Datos!$C$16/(G36*10))) | M36: =IF($B36="","",IF(K36="","",0.9*K36*100*Datos!$C$25*(G36*10-K36*100*Datos!$C$25/(0.85*Datos!$C$14*D20*10)/2)/10^6)) | N36: =IF($B36="","",IF(OR(E36="",F36=""),"",IF(E36<2,"",(D20*10-2*Datos!$C$19-2*G20-E36*F36)/(E36-1)))) | O36: =IF($B36="","",IF(F36="","",MAX(25,F36))) | P36: =IF($B36="","",IF(D36=0,"–",IF(NOT(ISNUMBER(I36)),"AUMENTAR sección",IF(K36="","REVISAR",IF(AND(K36>=I36,K36>=J36,M36>=D36,L36<=0.375,OR(N36="",N36>=O36)),"CUMPLE","NO CUMPLE")))))
B37: d = h − recubrimiento − φ estribo − φ/2 (una sola capa). As mín. = máx(√f'c/(4·fy); 1,4/fy)·bw·d (§10.5.1). c/d ≤ 0,375 asegura sección controlada por tracción (εt ≥ 0,005, φ = 0,9). Separación libre entre barras ≥ máx(25 mm; φ) (§7.6.1). Sección rectangular también en el tramo (despreciar el ala de la losa es del lado seguro).
B39: 4. Armadura transversal (corte) – CIRSOC 201 cap. 11
B40: Viga | C40: Vu [kN] | D40: d [cm] | E40: Vu a d del apoyo [kN] | F40: φVc [kN] | G40: Vs req. [kN] | H40: Vs máx. [kN] | I40: Av/s necesario [mm²/mm] | J40: Ramas | K40: Separación adoptada [cm] | L40: Av/s adoptado [mm²/mm] | M40: Sep. máx. [cm] | N40: Verificación
B41: =IF(B15="","",B15) -> V1 | C41: =IF($B41="","",O15) -> 96.880784 | D41: =IF($B41="","",G26) -> 34.5 | E41: =IF($B41="","",IF(D41="","",MAX(0,C41-L15*D41/100))) -> 80.27265 | F41: =IF($B41="","",IF(D41="","",0.75*SQRT(Datos!$C$14)/6*D15*10*D41*10/1000)) -> 43.125 | G41: =IF($B41="","",IF(D41="","",MAX(0,E41/0.75-F41/0.75))) -> 49.530199 | H41: =IF($B41="","",IF(D41="","",2/3*SQRT(Datos!$C$14)*D15*10*D41*10/1000)) -> 230 | I41: =IF($B41="","",IF(D41="","",IF(E41>F41/2,MAX(G41*1000/(Datos!$C$27*D41*10),MAX(SQRT(Datos!$C$14)/16,0.35)*D15*10/Datos!$C$27),MAX(SQRT(Datos!$C$14)/16,0.35)*D15*10/Datos!$C$27))) -> 0.34182332 | J41: 2 | K41: 15 | L41: =IF($B41="","",IF(OR(J41="",K41=""),"",J41*PI()*G15^2/4/(K41*10))) -> 0.67020643 | M41: =IF($B41="","",IF(D41="","",IF(G41<=SQRT(Datos!$C$14)/3*D15*10*D41*10/1000,MIN(D41*10/2,600),MIN(D41*10/4,300))/10)) -> 17.25 | N41: =IF($B41="","",IF(L41="","REVISAR",IF(G41>H41,"AUMENTAR sección",IF(AND(L41>=I41,K41<=M41),"CUMPLE","NO CUMPLE")))) -> CUMPLE
B42: =IF(B16="","",B16) -> V2 | C42: =IF($B42="","",O16) -> 23.703 | D42: =IF($B42="","",G28) -> 34.6 | E42: =IF($B42="","",IF(D42="","",MAX(0,C42-L16*D42/100))) -> 18.235508 | F42: =IF($B42="","",IF(D42="","",0.75*SQRT(Datos!$C$14)/6*D16*10*D42*10/1000)) -> 43.25 | G42: =IF($B42="","",IF(D42="","",MAX(0,E42/0.75-F42/0.75))) -> 0 | H42: =IF($B42="","",IF(D42="","",2/3*SQRT(Datos!$C$14)*D16*10*D42*10/1000)) -> 230.66667 | I42: =IF($B42="","",IF(D42="","",IF(E42>F42/2,MAX(G42*1000/(Datos!$C$27*D42*10),MAX(SQRT(Datos!$C$14)/16,0.35)*D16*10/Datos!$C$27),MAX(SQRT(Datos!$C$14)/16,0.35)*D16*10/Datos!$C$27))) -> 0.16666667 | J42: 2 | K42: 15 | L42: =IF($B42="","",IF(OR(J42="",K42=""),"",J42*PI()*G16^2/4/(K42*10))) -> 0.67020643 | M42: =IF($B42="","",IF(D42="","",IF(G42<=SQRT(Datos!$C$14)/3*D16*10*D42*10/1000,MIN(D42*10/2,600),MIN(D42*10/4,300))/10)) -> 17.3 | N42: =IF($B42="","",IF(L42="","REVISAR",IF(G42>H42,"AUMENTAR sección",IF(AND(L42>=I42,K42<=M42),"CUMPLE","NO CUMPLE")))) -> CUMPLE
B43: =IF(B17="","",B17) | C43: =IF($B43="","",O17) | D43: =IF($B43="","",G30) | E43: =IF($B43="","",IF(D43="","",MAX(0,C43-L17*D43/100))) | F43: =IF($B43="","",IF(D43="","",0.75*SQRT(Datos!$C$14)/6*D17*10*D43*10/1000)) | G43: =IF($B43="","",IF(D43="","",MAX(0,E43/0.75-F43/0.75))) | H43: =IF($B43="","",IF(D43="","",2/3*SQRT(Datos!$C$14)*D17*10*D43*10/1000)) | I43: =IF($B43="","",IF(D43="","",IF(E43>F43/2,MAX(G43*1000/(Datos!$C$27*D43*10),MAX(SQRT(Datos!$C$14)/16,0.35)*D17*10/Datos!$C$27),MAX(SQRT(Datos!$C$14)/16,0.35)*D17*10/Datos!$C$27))) | L43: =IF($B43="","",IF(OR(J43="",K43=""),"",J43*PI()*G17^2/4/(K43*10))) | M43: =IF($B43="","",IF(D43="","",IF(G43<=SQRT(Datos!$C$14)/3*D17*10*D43*10/1000,MIN(D43*10/2,600),MIN(D43*10/4,300))/10)) | N43: =IF($B43="","",IF(L43="","REVISAR",IF(G43>H43,"AUMENTAR sección",IF(AND(L43>=I43,K43<=M43),"CUMPLE","NO CUMPLE"))))
B44: =IF(B18="","",B18) | C44: =IF($B44="","",O18) | D44: =IF($B44="","",G32) | E44: =IF($B44="","",IF(D44="","",MAX(0,C44-L18*D44/100))) | F44: =IF($B44="","",IF(D44="","",0.75*SQRT(Datos!$C$14)/6*D18*10*D44*10/1000)) | G44: =IF($B44="","",IF(D44="","",MAX(0,E44/0.75-F44/0.75))) | H44: =IF($B44="","",IF(D44="","",2/3*SQRT(Datos!$C$14)*D18*10*D44*10/1000)) | I44: =IF($B44="","",IF(D44="","",IF(E44>F44/2,MAX(G44*1000/(Datos!$C$27*D44*10),MAX(SQRT(Datos!$C$14)/16,0.35)*D18*10/Datos!$C$27),MAX(SQRT(Datos!$C$14)/16,0.35)*D18*10/Datos!$C$27))) | L44: =IF($B44="","",IF(OR(J44="",K44=""),"",J44*PI()*G18^2/4/(K44*10))) | M44: =IF($B44="","",IF(D44="","",IF(G44<=SQRT(Datos!$C$14)/3*D18*10*D44*10/1000,MIN(D44*10/2,600),MIN(D44*10/4,300))/10)) | N44: =IF($B44="","",IF(L44="","REVISAR",IF(G44>H44,"AUMENTAR sección",IF(AND(L44>=I44,K44<=M44),"CUMPLE","NO CUMPLE"))))
B45: =IF(B19="","",B19) | C45: =IF($B45="","",O19) | D45: =IF($B45="","",G34) | E45: =IF($B45="","",IF(D45="","",MAX(0,C45-L19*D45/100))) | F45: =IF($B45="","",IF(D45="","",0.75*SQRT(Datos!$C$14)/6*D19*10*D45*10/1000)) | G45: =IF($B45="","",IF(D45="","",MAX(0,E45/0.75-F45/0.75))) | H45: =IF($B45="","",IF(D45="","",2/3*SQRT(Datos!$C$14)*D19*10*D45*10/1000)) | I45: =IF($B45="","",IF(D45="","",IF(E45>F45/2,MAX(G45*1000/(Datos!$C$27*D45*10),MAX(SQRT(Datos!$C$14)/16,0.35)*D19*10/Datos!$C$27),MAX(SQRT(Datos!$C$14)/16,0.35)*D19*10/Datos!$C$27))) | L45: =IF($B45="","",IF(OR(J45="",K45=""),"",J45*PI()*G19^2/4/(K45*10))) | M45: =IF($B45="","",IF(D45="","",IF(G45<=SQRT(Datos!$C$14)/3*D19*10*D45*10/1000,MIN(D45*10/2,600),MIN(D45*10/4,300))/10)) | N45: =IF($B45="","",IF(L45="","REVISAR",IF(G45>H45,"AUMENTAR sección",IF(AND(L45>=I45,K45<=M45),"CUMPLE","NO CUMPLE"))))
B46: =IF(B20="","",B20) | C46: =IF($B46="","",O20) | D46: =IF($B46="","",G36) | E46: =IF($B46="","",IF(D46="","",MAX(0,C46-L20*D46/100))) | F46: =IF($B46="","",IF(D46="","",0.75*SQRT(Datos!$C$14)/6*D20*10*D46*10/1000)) | G46: =IF($B46="","",IF(D46="","",MAX(0,E46/0.75-F46/0.75))) | H46: =IF($B46="","",IF(D46="","",2/3*SQRT(Datos!$C$14)*D20*10*D46*10/1000)) | I46: =IF($B46="","",IF(D46="","",IF(E46>F46/2,MAX(G46*1000/(Datos!$C$27*D46*10),MAX(SQRT(Datos!$C$14)/16,0.35)*D20*10/Datos!$C$27),MAX(SQRT(Datos!$C$14)/16,0.35)*D20*10/Datos!$C$27))) | L46: =IF($B46="","",IF(OR(J46="",K46=""),"",J46*PI()*G20^2/4/(K46*10))) | M46: =IF($B46="","",IF(D46="","",IF(G46<=SQRT(Datos!$C$14)/3*D20*10*D46*10/1000,MIN(D46*10/2,600),MIN(D46*10/4,300))/10)) | N46: =IF($B46="","",IF(L46="","REVISAR",IF(G46>H46,"AUMENTAR sección",IF(AND(L46>=I46,K46<=M46),"CUMPLE","NO CUMPLE"))))
B47: Vu se toma a una distancia d del apoyo (§11.1.3.1). Vc = (√f'c/6)·bw·d; φ = 0,75. Av/s mín. = máx(√f'c/16; 0,35)·bw/fyt (§11.5.5.3). Separación máxima = d/2 ≤ 600 mm (d/4 ≤ 300 mm si Vs > √f'c/3·bw·d). Los detalles de zonas de confinamiento para sismo (CIRSOC 201 cap. 21 e INPRES-CIRSOC 103) no están verificados en esta hoja.

Sheet Columnas
A1: COLUMNAS DE HORMIGÓN ARMADO – FLEXOCOMPRESIÓN (CIRSOC 201-2005)
A2: Verificación directa con el diagrama de interacción P–M (compatibilidad de deformaciones, hoja Interaccion): reemplaza la lectura manual de ábacos de la planilla original. Flexión en el plano de h; estribos rectangulares.
B4: 1. Cargas y esfuerzos de diseño
B5: Columna | C5: b [cm] | D5: h [cm] (plano de flexión) | E5: Altura libre lu [m] | F5: Área trib. TECHO [m²] | G5: Área trib. ENTREPISO [m²] | H5: Reacciones de vigas mayoradas [kN] | I5: Pu del nivel superior [kN] | J5: Peso propio mayorado [kN] | K5: Pu total [kN] | L5: Mu [kNm] | M5: k (long. efectiva) | N5: ¿Pórtico arriostrado? | O5: M1/M2 (doble curv. −)
B6: C1 | C6: 25 | D6: 25 | E6: 2.7 | F6: 9 | G6: 0 | H6: 60 | I6: 0 | J6: =IF($B6="","",1.2*Datos!$C$17*C6*D6/10000*E6) -> 5.0625 | K6: =IF($B6="","",Cargas!$I$45*N(F6)+Cargas!$J$45*N(G6)+N(H6)+N(I6)+J6) -> 134.9745 | L6: 15 | M6: 1 | N6: SI | O6: -0.5
B7: C2 | C7: 30 | D7: 30 | E7: 2.7 | F7: 4 | G7: 4 | H7: 80 | I7: 0 | J7: =IF($B7="","",1.2*Datos!$C$17*C7*D7/10000*E7) -> 7.29 | K7: =IF($B7="","",Cargas!$I$45*N(F7)+Cargas!$J$45*N(G7)+N(H7)+N(I7)+J7) -> 156.698 | L7: 25 | M7: 1 | N7: SI | O7: -0.5
B8: C3 | C8: 25 | D8: 40 | E8: 2.7 | F8: 6 | G8: 6 | H8: 100 | I8: 0 | J8: =IF($B8="","",1.2*Datos!$C$17*C8*D8/10000*E8) -> 8.1 | K8: =IF($B8="","",Cargas!$I$45*N(F8)+Cargas!$J$45*N(G8)+N(H8)+N(I8)+J8) -> 212.212 | L8: 40 | M8: 1 | N8: SI | O8: -0.5
J9: =IF($B9="","",1.2*Datos!$C$17*C9*D9/10000*E9) | K9: =IF($B9="","",Cargas!$I$45*N(F9)+Cargas!$J$45*N(G9)+N(H9)+N(I9)+J9)
J10: =IF($B10="","",1.2*Datos!$C$17*C10*D10/10000*E10) | K10: =IF($B10="","",Cargas!$I$45*N(F10)+Cargas!$J$45*N(G10)+N(H10)+N(I10)+J10)
J11: =IF($B11="","",1.2*Datos!$C$17*C11*D11/10000*E11) | K11: =IF($B11="","",Cargas!$I$45*N(F11)+Cargas!$J$45*N(G11)+N(H11)+N(I11)+J11)
B12: Pu = qu·(área tributaria) de cada nivel (qu de la hoja Cargas) + reacciones de vigas + Pu del nivel superior + peso propio ×1,2. Mu = momento de diseño de la combinación que corresponda (análisis de pórtico o, si hay sismo, hoja Sismo). Se recomienda considerar la excentricidad mínima accidental en columnas cargadas casi centradas.
B14: 2. Armadura y verificaciones
B15: Columna | C15: N° total de barras | D15: Barras en cada cara extrema | E15: φ barra [mm] | F15: φ estribo [mm] | G15: Sep. estribos [cm] | H15: Ast [cm²] | I15: ρ = Ast/Ag [%] | J15: d' [cm] | K15: φPn,máx [kN] | L15: φMn a Pu [kNm] | M15: Mu / φMn | N15: k·lu/r | O15: Cuantía (1%–8%) | P15: Flexocompresión P–M | Q15: Esbeltez ≤ límite | R15: Sep. máx. estribos [cm] | S15: Estribos
B16: =IF(B6="","",B6) -> C1 | C16: 4 | D16: 2 | E16: 16 | F16: 6 | G16: 15 | H16: =IF($B16="","",IF(OR(C16="",E16=""),"",C16*PI()*E16^2/400)) -> 8.0424772 | I16: =IF($B16="","",IF(H16="","",H16/(C6*D6)*100)) -> 1.2867964 | J16: =IF($B16="","",IF(E16="","",(Datos!$C$19+F16+E16/2)/10)) -> 5.4 | K16: =IF($B16="","",IF(H16="","",Interaccion!$K$8)) -> 857.38576 | L16: =IF($B16="","",IF(H16="","",Interaccion!$P$32)) -> 38.104952 | M16: =IF($B16="","",IF(H16="","",IF(L16<=0,"",L6/L16))) -> 0.39364962 | N16: =IF($B16="","",M6*E6*100/(0.3*D6)) -> 36 | O16: =IF($B16="","",IF(H16="","REVISAR",IF(AND(C16>=4,I16>=1,I16<=8),"CUMPLE","NO CUMPLE"))) -> CUMPLE | P16: =IF($B16="","",IF(H16="","REVISAR",IF(AND(K6<=K16,L6<=L16),"CUMPLE","NO CUMPLE"))) -> CUMPLE | Q16: =IF($B16="","",IF(N16<=IF(N6="SI",MIN(40,34-12*O6),22),"CUMPLE","REVISAR")) -> CUMPLE | R16: =IF($B16="","",IF(E16="","",MIN(16*E16,48*F16,MIN(C6,D6)*10)/10)) -> 25 | S16: =IF($B16="","",IF(F16="","REVISAR",IF(AND(F16>=IF(E16<=20,6,10),G16<=R16),"CUMPLE","NO CUMPLE"))) -> CUMPLE
B17: =IF(B7="","",B7) -> C2 | C17: 6 | D17: 2 | E17: 16 | F17: 6 | G17: 20 | H17: =IF($B17="","",IF(OR(C17="",E17=""),"",C17*PI()*E17^2/400)) -> 12.063716 | I17: =IF($B17="","",IF(H17="","",H17/(C7*D7)*100)) -> 1.3404129 | J17: =IF($B17="","",IF(E17="","",(Datos!$C$19+F17+E17/2)/10)) -> 5.4 | K17: =IF($B17="","",IF(H17="","",Interaccion!$K$38)) -> 1244.6411 | L17: =IF($B17="","",IF(H17="","",Interaccion!$P$62)) -> 66.175842 | M17: =IF($B17="","",IF(H17="","",IF(L17<=0,"",L7/L17))) -> 0.37778137 | N17: =IF($B17="","",M7*E7*100/(0.3*D7)) -> 30 | O17: =IF($B17="","",IF(H17="","REVISAR",IF(AND(C17>=4,I17>=1,I17<=8),"CUMPLE","NO CUMPLE"))) -> CUMPLE | P17: =IF($B17="","",IF(H17="","REVISAR",IF(AND(K7<=K17,L7<=L17),"CUMPLE","NO CUMPLE"))) -> CUMPLE | Q17: =IF($B17="","",IF(N17<=IF(N7="SI",MIN(40,34-12*O7),22),"CUMPLE","REVISAR")) -> CUMPLE | R17: =IF($B17="","",IF(E17="","",MIN(16*E17,48*F17,MIN(C7,D7)*10)/10)) -> 25.6 | S17: =IF($B17="","",IF(F17="","REVISAR",IF(AND(F17>=IF(E17<=20,6,10),G17<=R17),"CUMPLE","NO CUMPLE"))) -> CUMPLE
B18: =IF(B8="","",B8) -> C3 | C18: 6 | D18: 3 | E18: 16 | F18: 8 | G18: 20 | H18: =IF($B18="","",IF(OR(C18="",E18=""),"",C18*PI()*E18^2/400)) -> 12.063716 | I18: =IF($B18="","",IF(H18="","",H18/(C8*D8)*100)) -> 1.2063716 | J18: =IF($B18="","",IF(E18="","",(Datos!$C$19+F18+E18/2)/10)) -> 5.6 | K18: =IF($B18="","",IF(H18="","",Interaccion!$K$68)) -> 1355.1411 | L18: =IF($B18="","",IF(H18="","",Interaccion!$P$92)) -> 102.99682 | M18: =IF($B18="","",IF(H18="","",IF(L18<=0,"",L8/L18))) -> 0.38836149 | N18: =IF($B18="","",M8*E8*100/(0.3*D8)) -> 22.5 | O18: =IF($B18="","",IF(H18="","REVISAR",IF(AND(C18>=4,I18>=1,I18<=8),"CUMPLE","NO CUMPLE"))) -> CUMPLE | P18: =IF($B18="","",IF(H18="","REVISAR",IF(AND(K8<=K18,L8<=L18),"CUMPLE","NO CUMPLE"))) -> CUMPLE | Q18: =IF($B18="","",IF(N18<=IF(N8="SI",MIN(40,34-12*O8),22),"CUMPLE","REVISAR")) -> CUMPLE | R18: =IF($B18="","",IF(E18="","",MIN(16*E18,48*F18,MIN(C8,D8)*10)/10)) -> 25 | S18: =IF($B18="","",IF(F18="","REVISAR",IF(AND(F18>=IF(E18<=20,6,10),G18<=R18),"CUMPLE","NO CUMPLE"))) -> CUMPLE
B19: =IF(B9="","",B9) | H19: =IF($B19="","",IF(OR(C19="",E19=""),"",C19*PI()*E19^2/400)) | I19: =IF($B19="","",IF(H19="","",H19/(C9*D9)*100)) | J19: =IF($B19="","",IF(E19="","",(Datos!$C$19+F19+E19/2)/10)) | K19: =IF($B19="","",IF(H19="","",Interaccion!$K$98)) | L19: =IF($B19="","",IF(H19="","",Interaccion!$P$122)) | M19: =IF($B19="","",IF(H19="","",IF(L19<=0,"",L9/L19))) | N19: =IF($B19="","",M9*E9*100/(0.3*D9)) | O19: =IF($B19="","",IF(H19="","REVISAR",IF(AND(C19>=4,I19>=1,I19<=8),"CUMPLE","NO CUMPLE"))) | P19: =IF($B19="","",IF(H19="","REVISAR",IF(AND(K9<=K19,L9<=L19),"CUMPLE","NO CUMPLE"))) | Q19: =IF($B19="","",IF(N19<=IF(N9="SI",MIN(40,34-12*O9),22),"CUMPLE","REVISAR")) | R19: =IF($B19="","",IF(E19="","",MIN(16*E19,48*F19,MIN(C9,D9)*10)/10)) | S19: =IF($B19="","",IF(F19="","REVISAR",IF(AND(F19>=IF(E19<=20,6,10),G19<=R19),"CUMPLE","NO CUMPLE")))
B20: =IF(B10="","",B10) | H20: =IF($B20="","",IF(OR(C20="",E20=""),"",C20*PI()*E20^2/400)) | I20: =IF($B20="","",IF(H20="","",H20/(C10*D10)*100)) | J20: =IF($B20="","",IF(E20="","",(Datos!$C$19+F20+E20/2)/10)) | K20: =IF($B20="","",IF(H20="","",Interaccion!$K$128)) | L20: =IF($B20="","",IF(H20="","",Interaccion!$P$152)) | M20: =IF($B20="","",IF(H20="","",IF(L20<=0,"",L10/L20))) | N20: =IF($B20="","",M10*E10*100/(0.3*D10)) | O20: =IF($B20="","",IF(H20="","REVISAR",IF(AND(C20>=4,I20>=1,I20<=8),"CUMPLE","NO CUMPLE"))) | P20: =IF($B20="","",IF(H20="","REVISAR",IF(AND(K10<=K20,L10<=L20),"CUMPLE","NO CUMPLE"))) | Q20: =IF($B20="","",IF(N20<=IF(N10="SI",MIN(40,34-12*O10),22),"CUMPLE","REVISAR")) | R20: =IF($B20="","",IF(E20="","",MIN(16*E20,48*F20,MIN(C10,D10)*10)/10)) | S20: =IF($B20="","",IF(F20="","REVISAR",IF(AND(F20>=IF(E20<=20,6,10),G20<=R20),"CUMPLE","NO CUMPLE")))
B21: =IF(B11="","",B11) | H21: =IF($B21="","",IF(OR(C21="",E21=""),"",C21*PI()*E21^2/400)) | I21: =IF($B21="","",IF(H21="","",H21/(C11*D11)*100)) | J21: =IF($B21="","",IF(E21="","",(Datos!$C$19+F21+E21/2)/10)) | K21: =IF($B21="","",IF(H21="","",Interaccion!$K$158)) | L21: =IF($B21="","",IF(H21="","",Interaccion!$P$182)) | M21: =IF($B21="","",IF(H21="","",IF(L21<=0,"",L11/L21))) | N21: =IF($B21="","",M11*E11*100/(0.3*D11)) | O21: =IF($B21="","",IF(H21="","REVISAR",IF(AND(C21>=4,I21>=1,I21<=8),"CUMPLE","NO CUMPLE"))) | P21: =IF($B21="","",IF(H21="","REVISAR",IF(AND(K11<=K21,L11<=L21),"CUMPLE","NO CUMPLE"))) | Q21: =IF($B21="","",IF(N21<=IF(N11="SI",MIN(40,34-12*O11),22),"CUMPLE","REVISAR")) | R21: =IF($B21="","",IF(E21="","",MIN(16*E21,48*F21,MIN(C11,D11)*10)/10)) | S21: =IF($B21="","",IF(F21="","REVISAR",IF(AND(F21>=IF(E21<=20,6,10),G21<=R21),"CUMPLE","NO CUMPLE")))
B22: Cuantía 1%–8% y mínimo 4 barras (CIRSOC 201 §10.9). φPn,máx = 0,80·0,65·[0,85·f'c·(Ag − Ast) + fy·Ast] (§10.3.6.2, estribos). Estribo ≥ φ6 (barras ≤ φ20) o φ10 (> φ20); separación ≤ 16·φ barra, 48·φ estribo y menor dimensión (§7.10.5). Esbeltez: k·lu/r con r = 0,3·h; límite 34 − 12·M1/M2 (máx. 40) en pórticos arriostrados (muros, tabiques) y 22 en pórticos desplazables (§10.12.2 y §10.13.2); si no cumple, considerar los efectos de segundo orden. En zonas sísmicas verificar además el detallado de CIRSOC 201 cap. 21 / INPRES-CIRSOC 103 (estribos en zonas de confinamiento).

Sheet Interaccion
A1: DIAGRAMAS DE INTERACCIÓN P–M (cálculo para la hoja Columnas)
A2: Una sección por columna. Sección rectangular con 3 capas de armadura (cara comprimida, barras intermedias, cara traccionada). Compatibilidad de deformaciones, εcu = 0,003; φ según deformación de la armadura traccionada (CIRSOC 201 §9.3.2). No se editan datos aquí.
B6: =IF(Columnas!B6="","(columna sin cargar)","Columna "&Columnas!B6&" – "&Columnas!C6&" × "&Columnas!D6&" cm") -> Columna C1 – 25 × 25 cm
B7: b [mm] | C7: h [mm] | D7: d1 [mm] | E7: d2 [mm] | F7: As1 [mm²] | G7: As2 [mm²] | H7: As3 [mm²] | I7: Po [kN] | J7: φPn,máx [kN] | K7: φPn,máx (a Columnas)
B8: =IF(Columnas!$H$16="",0,Columnas!$C$6*10) -> 250 | C8: =IF(Columnas!$H$16="",0,Columnas!$D$6*10) -> 250 | D8: =IF(Columnas!$H$16="",0,Columnas!$J$16*10) -> 54 | E8: =C8-D8 -> 196 | F8: =IF(Columnas!$H$16="",0,Columnas!$D$16*(PI()*Columnas!$E$16^2/4)) -> 402.12386 | G8: =F8 -> 402.12386 | H8: =IF(Columnas!$H$16="",0,(Columnas!$C$16-2*Columnas!$D$16)*(PI()*Columnas!$E$16^2/4)) -> 0 | I8: =(0.85*Datos!$C$14*(B8*C8-(F8+G8+H8))+Datos!$C$25*(F8+G8+H8))/1000 -> 1648.8188 | J8: =0.8*0.65*I8 -> 857.38576 | K8: =J8 -> 857.38576
B9: c / h | C9: c [mm] | D9: a [mm] | E9: εs1 | F9: εs3 | G9: εs2 | H9: fs1 [MPa] | I9: fs3 [MPa] | J9: fs2 [MPa] | K9: Pn [kN] | L9: Mn [kNm] | M9: εt | N9: φ | O9: φPn [kN] | P9: φMn [kNm]
B10: 100 | C10: =B10*$C$8 -> 25000 | D10: =MIN(Datos!$C$16*C10,$C$8) -> 250 | E10: =IF(C10=0,0,0.003*(C10-$D$8)/C10) -> 0.00299352 | F10: =IF(C10=0,0,0.003*(C10-$C$8/2)/C10) -> 0.002985 | G10: =IF(C10=0,0,0.003*(C10-$E$8)/C10) -> 0.00297648 | H10: =MAX(-Datos!$C$25,MIN(Datos!$C$25,Datos!$C$28*E10)) -> 420 | I10: =MAX(-Datos!$C$25,MIN(Datos!$C$25,Datos!$C$28*F10)) -> 420 | J10: =MAX(-Datos!$C$25,MIN(Datos!$C$25,Datos!$C$28*G10)) -> 420 | K10: =(0.85*Datos!$C$14*$B$8*D10+$F$8*(H10-IF($D$8<D10,0.85*Datos!$C$14,0))+$H$8*(I10-IF($C$8/2<D10,0.85*Datos!$C$14,0))+$G$8*(J10-IF($E$8<D10,0.85*Datos!$C$14,0)))/1000 -> 1648.8188 | L10: =(0.85*Datos!$C$14*$B$8*D10*($C$8/2-D10/2)+$F$8*(H10-IF($D$8<D10,0.85*Datos!$C$14,0))*($C$8/2-$D$8)+$G$8*(J10-IF($E$8<D10,0.85*Datos!$C$14,0))*($C$8/2-$E$8))/10^6 -> 0 | M10: =-G10 -> -0.00297648 | N10: =IF(M10>=0.005,0.9,IF(M10<=Datos!$C$25/Datos!$C$28,0.65,0.65+(M10-Datos!$C$25/Datos!$C$28)*0.25/(0.005-Datos!$C$25/Datos!$C$28))) -> 0.65 | O10: =MIN(N10*K10,$J$8) -> 857.38576 | P10: =N10*L10 -> 0
B11: 3 | C11: =B11*$C$8 -> 750 | D11: =MIN(Datos!$C$16*C11,$C$8) -> 250 | E11: =IF(C11=0,0,0.003*(C11-$D$8)/C11) -> 0.002784 | F11: =IF(C11=0,0,0.003*(C11-$C$8/2)/C11) -> 0.0025 | G11: =IF(C11=0,0,0.003*(C11-$E$8)/C11) -> 0.002216 | H11: =MAX(-Datos!$C$25,MIN(Datos!$C$25,Datos!$C$28*E11)) -> 420 | I11: =MAX(-Datos!$C$25,MIN(Datos!$C$25,Datos!$C$28*F11)) -> 420 | J11: =MAX(-Datos!$C$25,MIN(Datos!$C$25,Datos!$C$28*G11)) -> 420 | K11: =(0.85*Datos!$C$14*$B$8*D11+$F$8*(H11-IF($D$8<D11,0.85*Datos!$C$14,0))+$H$8*(I11-IF($C$8/2<D11,0.85*Datos!$C$14,0))+$G$8*(J11-IF($E$8<D11,0.85*Datos!$C$14,0)))/1000 -> 1648.8188 | L11: =(0.85*Datos!$C$14*$B$8*D11*($C$8/2-D11/2)+$F$8*(H11-IF($D$8<D11,0.85*Datos!$C$14,0))*($C$8/2-$D$8)+$G$8*(J11-IF($E$8<D11,0.85*Datos!$C$14,0))*($C$8/2-$E$8))/10^6 -> 0 | M11: =-G11 -> -0.002216 | N11: =IF(M11>=0.005,0.9,IF(M11<=Datos!$C$25/Datos!$C$28,0.65,0.65+(M11-Datos!$C$25/Datos!$C$28)*0.25/(0.005-Datos!$C$25/Datos!$C$28))) -> 0.65 | O11: =MIN(N11*K11,$J$8) -> 857.38576 | P11: =N11*L11 -> 0
B12: 2 | C12: =B12*$C$8 -> 500 | D12: =MIN(Datos!$C$16*C12,$C$8) -> 250 | E12: =IF(C12=0,0,0.003*(C12-$D$8)/C12) -> 0.002676 | F12: =IF(C12=0,0,0.003*(C12-$C$8/2)/C12) -> 0.00225 | G12: =IF(C12=0,0,0.003*(C12-$E$8)/C12) -> 0.001824 | H12: =MAX(-Datos!$C$25,MIN(Datos!$C$25,Datos!$C$28*E12)) -> 420 | I12: =MAX(-Datos!$C$25,MIN(Datos!$C$25,Datos!$C$28*F12)) -> 420 | J12: =MAX(-Datos!$C$25,MIN(Datos!$C$25,Datos!$C$28*G12)) -> 364.8 | K12: =(0.85*Datos!$C$14*$B$8*D12+$F$8*(H12-IF($D$8<D12,0.85*Datos!$C$14,0))+$H$8*(I12-IF($C$8/2<D12,0.85*Datos!$C$14,0))+$G$8*(J12-IF($E$8<D12,0.85*Datos!$C$14,0)))/1000 -> 1626.6215 | L12: =(0.85*Datos!$C$14*$B$8*D12*($C$8/2-D12/2)+$F$8*(H12-IF($D$8<D12,0.85*Datos!$C$14,0))*($C$8/2-$D$8)+$G$8*(J12-IF($E$8<D12,0.85*Datos!$C$14,0))*($C$8/2-$E$8))/10^6 -> 1.5760038 | M12: =-G12 -> -0.001824 | N12: =IF(M12>=0.005,0.9,IF(M12<=Datos!$C$25/Datos!$C$28,0.65,0.65+(M12-Datos!$C$25/Datos!$C$28)*0.25/(0.005-Datos!$C$25/Datos!$C$28))) -> 0.65 | O12: =MIN(N12*K12,$J$8) -> 857.38576 | P12: =N12*L12 -> 1.0244025
B13: 1.5 | C13: =B13*$C$8 -> 375 | D13: =MIN(Datos!$C$16*C13,$C$8) -> 250 | E13: =IF(C13=0,0,0.003*(C13-$D$8)/C13) -> 0.002568 | F13: =IF(C13=0,0,0.003*(C13-$C$8/2)/C13) -> 0.002 | G13: =IF(C13=0,0,0.003*(C13-$E$8)/C13) -> 0.001432 | H13: =MAX(-Datos!$C$25,MIN(Datos!$C$25,Datos!$C$28*E13)) -> 420 | I13: =MAX(-Datos!$C$25,MIN(Datos!$C$25,Datos!$C$28*F13)) -> 400 | J13: =MAX(-Datos!$C$25,MIN(Datos!$C$25,Datos!$C$28*G13)) -> 286.4 | K13: =(0.85*Datos!$C$14*$B$8*D13+$F$8*(H13-IF($D$8<D13,0.85*Datos!$C$14,0))+$H$8*(I13-IF($C$8/2<D13,0.85*Datos!$C$14,0))+$G$8*(J13-IF($E$8<D13,0.85*Datos!$C$14,0)))/1000 -> 1595.095 | L13: =(0.85*Datos!$C$14*$B$8*D13*($C$8/2-D13/2)+$F$8*(H13-IF($D$8<D13,0.85*Datos!$C$14,0))*($C$8/2-$D$8)+$G$8*(J13-IF($E$8<D13,0.85*Datos!$C$14,0))*($C$8/2-$E$8))/10^6 -> 3.8143861 | M13: =-G13 -> -0.001432 | N13: =IF(M13>=0.005,0.9,IF(M13<=Datos!$C$25/Datos!$C$28,0.65,0.65+(M13-Datos!$C$25/Datos!$C$28)*0.25/(0.005-Datos!$C$25/Datos!$C$28))) -> 0.65 | O13: =MIN(N13*K13,$J$8) -> 857.38576 | P13: =N13*L13 -> 2.479351
B14: 1.2 | C14: =B14*$C$8 -> 300 | D14: =MIN(Datos!$C$16*C14,$C$8) -> 250 | E14: =IF(C14=0,0,0.003*(C14-$D$8)/C14) -> 0.00246 | F14: =IF(C14=0,0,0.003*(C14-$C$8/2)/C14) -> 0.00175 | G14: =IF(C14=0,0,0.003*(C14-$E$8)/C14) -> 0.00104 | H14: =MAX(-Datos!$C$25,MIN(Datos!$C$25,Datos!$C$28*E14)) -> 420 | I14: =MAX(-Datos!$C$25,MIN(Datos!$C$25,Datos!$C$28*F14)) -> 350 | J14: =MAX(-Datos!$C$25,MIN(Datos!$C$25,Datos!$C$28*G14)) -> 208 | K14: =(0.85*Datos!$C$14*$B$8*D14+$F$8*(H14-IF($D$8<D14,0.85*Datos!$C$14,0))+$H$8*(I14-IF($C$8/2<D14,0.85*Datos!$C$14,0))+$G$8*(J14-IF($E$8<D14,0.85*Datos!$C$14,0)))/1000 -> 1563.5685 | L14: =(0.85*Datos!$C$14*$B$8*D14*($C$8/2-D14/2)+$F$8*(H14-IF($D$8<D14,0.85*Datos!$C$14,0))*($C$8/2-$D$8)+$G$8*(J14-IF($E$8<D14,0.85*Datos!$C$14,0))*($C$8/2-$E$8))/10^6 -> 6.0527683 | M14: =-G14 -> -0.00104 | N14: =IF(M14>=0.005,0.9,IF(M14<=Datos!$C$25/Datos!$C$28,0.65,0.65+(M14-Datos!$C$25/Datos!$C$28)*0.25/(0.005-Datos!$C$25/Datos!$C$28))) -> 0.65 | O14: =MIN(N14*K14,$J$8) -> 857.38576 | P14: =N14*L14 -> 3.9342994
B15: 1 | C15: =B15*$C$8 -> 250 | D15: =MIN(Datos!$C$16*C15,$C$8) -> 212.5 | E15: =IF(C15=0,0,0.003*(C15-$D$8)/C15) -> 0.002352 | F15: =IF(C15=0,0,0.003*(C15-$C$8/2)/C15) -> 0.0015 | G15: =IF(C15=0,0,0.003*(C15-$E$8)/C15) -> 0.000648 | H15: =MAX(-Datos!$C$25,MIN(Datos!$C$25,Datos!$C$28*E15)) -> 420 | I15: =MAX(-Datos!$C$25,MIN(Datos!$C$25,Datos!$C$28*F15)) -> 300 | J15: =MAX(-Datos!$C$25,MIN(Datos!$C$25,Datos!$C$28*G15)) -> 129.6 | K15: =(0.85*Datos!$C$14*$B$8*D15+$F$8*(H15-IF($D$8<D15,0.85*Datos!$C$14,0))+$H$8*(I15-IF($C$8/2<D15,0.85*Datos!$C$14,0))+$G$8*(J15-IF($E$8<D15,0.85*Datos!$C$14,0)))/1000 -> 1332.8233 | L15: =(0.85*Datos!$C$14*$B$8*D15*($C$8/2-D15/2)+$F$8*(H15-IF($D$8<D15,0.85*Datos!$C$14,0))*($C$8/2-$D$8)+$G$8*(J15-IF($E$8<D15,0.85*Datos!$C$14,0))*($C$8/2-$E$8))/10^6 -> 29.458143 | M15: =-G15 -> -0.000648 | N15: =IF(M15>=0.005,0.9,IF(M15<=Datos!$C$25/Datos!$C$28,0.65,0.65+(M15-Datos!$C$25/Datos!$C$28)*0.25/(0.005-Datos!$C$25/Datos!$C$28))) -> 0.65 | O15: =MIN(N15*K15,$J$8) -> 857.38576 | P15: =N15*L15 -> 19.147793
B16: 0.9 | C16: =B16*$C$8 -> 225 | D16: =MIN(Datos!$C$16*C16,$C$8) -> 191.25 | E16: =IF(C16=0,0,0.003*(C16-$D$8)/C16) -> 0.00228 | F16: =IF(C16=0,0,0.003*(C16-$C$8/2)/C16) -> 0.0013333333 | G16: =IF(C16=0,0,0.003*(C16-$E$8)/C16) -> 0.00038666667 | H16: =MAX(-Datos!$C$25,MIN(Datos!$C$25,Datos!$C$28*E16)) -> 420 | I16: =MAX(-Datos!$C$25,MIN(Datos!$C$25,Datos!$C$28*F16)) -> 266.66667 | J16: =MAX(-Datos!$C$25,MIN(Datos!$C$25,Datos!$C$28*G16)) -> 77.333333 | K16: =(0.85*Datos!$C$14*$B$8*D16+$F$8*(H16-IF($D$8<D16,0.85*Datos!$C$14,0))+$H$8*(I16-IF($C$8/2<D16,0.85*Datos!$C$14,0))+$G$8*(J16-IF($E$8<D16,0.85*Datos!$C$14,0)))/1000 -> 1207.4601 | L16: =(0.85*Datos!$C$14*$B$8*D16*($C$8/2-D16/2)+$F$8*(H16-IF($D$8<D16,0.85*Datos!$C$14,0))*($C$8/2-$D$8)+$G$8*(J16-IF($E$8<D16,0.85*Datos!$C$14,0))*($C$8/2-$E$8))/10^6 -> 39.02216 | M16: =-G16 -> -0.00038666667 | N16: =IF(M16>=0.005,0.9,IF(M16<=Datos!$C$25/Datos!$C$28,0.65,0.65+(M16-Datos!$C$25/Datos!$C$28)*0.25/(0.005-Datos!$C$25/Datos!$C$28))) -> 0.65 | O16: =MIN(N16*K16,$J$8) -> 784.84906 | P16: =N16*L16 -> 25.364404
B17: 0.8 | C17: =B17*$C$8 -> 200 | D17: =MIN(Datos!$C$16*C17,$C$8) -> 170 | E17: =IF(C17=0,0,0.003*(C17-$D$8)/C17) -> 0.00219 | F17: =IF(C17=0,0,0.003*(C17-$C$8/2)/C17) -> 0.001125 | G17: =IF(C17=0,0,0.003*(C17-$E$8)/C17) -> 6e-05 | H17: =MAX(-Datos!$C$25,MIN(Datos!$C$25,Datos!$C$28*E17)) -> 420 | I17: =MAX(-Datos!$C$25,MIN(Datos!$C$25,Datos!$C$28*F17)) -> 225 | J17: =MAX(-Datos!$C$25,MIN(Datos!$C$25,Datos!$C$28*G17)) -> 12 | K17: =(0.85*Datos!$C$14*$B$8*D17+$F$8*(H17-IF($D$8<D17,0.85*Datos!$C$14,0))+$H$8*(I17-IF($C$8/2<D17,0.85*Datos!$C$14,0))+$G$8*(J17-IF($E$8<D17,0.85*Datos!$C$14,0)))/1000 -> 1068.2974 | L17: =(0.85*Datos!$C$14*$B$8*D17*($C$8/2-D17/2)+$F$8*(H17-IF($D$8<D17,0.85*Datos!$C$14,0))*($C$8/2-$D$8)+$G$8*(J17-IF($E$8<D17,0.85*Datos!$C$14,0))*($C$8/2-$E$8))/10^6 -> 47.16702 | M17: =-G17 -> -6e-05 | N17: =IF(M17>=0.005,0.9,IF(M17<=Datos!$C$25/Datos!$C$28,0.65,0.65+(M17-Datos!$C$25/Datos!$C$28)*0.25/(0.005-Datos!$C$25/Datos!$C$28))) -> 0.65 | O17: =MIN(N17*K17,$J$8) -> 694.39329 | P17: =N17*L17 -> 30.658563
B18: 0.7 | C18: =B18*$C$8 -> 175 | D18: =MIN(Datos!$C$16*C18,$C$8) -> 148.75 | E18: =IF(C18=0,0,0.003*(C18-$D$8)/C18) -> 0.0020742857 | F18: =IF(C18=0,0,0.003*(C18-$C$8/2)/C18) -> 0.00085714286 | G18: =IF(C18=0,0,0.003*(C18-$E$8)/C18) -> -0.00036 | H18: =MAX(-Datos!$C$25,MIN(Datos!$C$25,Datos!$C$28*E18)) -> 414.85714 | I18: =MAX(-Datos!$C$25,MIN(Datos!$C$25,Datos!$C$28*F18)) -> 171.42857 | J18: =MAX(-Datos!$C$25,MIN(Datos!$C$25,Datos!$C$28*G18)) -> -72 | K18: =(0.85*Datos!$C$14*$B$8*D18+$F$8*(H18-IF($D$8<D18,0.85*Datos!$C$14,0))+$H$8*(I18-IF($C$8/2<D18,0.85*Datos!$C$14,0))+$G$8*(J18-IF($E$8<D18,0.85*Datos!$C$14,0)))/1000 -> 919.56028 | L18: =(0.85*Datos!$C$14*$B$8*D18*($C$8/2-D18/2)+$F$8*(H18-IF($D$8<D18,0.85*Datos!$C$14,0))*($C$8/2-$D$8)+$G$8*(J18-IF($E$8<D18,0.85*Datos!$C$14,0))*($C$8/2-$E$8))/10^6 -> 53.299069 | M18: =-G18 -> 0.00036 | N18: =IF(M18>=0.005,0.9,IF(M18<=Datos!$C$25/Datos!$C$28,0.65,0.65+(M18-Datos!$C$25/Datos!$C$28)*0.25/(0.005-Datos!$C$25/Datos!$C$28))) -> 0.65 | O18: =MIN(N18*K18,$J$8) -> 597.71418 | P18: =N18*L18 -> 34.644395
B19: 0.6 | C19: =B19*$C$8 -> 150 | D19: =MIN(Datos!$C$16*C19,$C$8) -> 127.5 | E19: =IF(C19=0,0,0.003*(C19-$D$8)/C19) -> 0.00192 | F19: =IF(C19=0,0,0.003*(C19-$C$8/2)/C19) -> 0.0005 | G19: =IF(C19=0,0,0.003*(C19-$E$8)/C19) -> -0.00092 | H19: =MAX(-Datos!$C$25,MIN(Datos!$C$25,Datos!$C$28*E19)) -> 384 | I19: =MAX(-Datos!$C$25,MIN(Datos!$C$25,Datos!$C$28*F19)) -> 100 | J19: =MAX(-Datos!$C$25,MIN(Datos!$C$25,Datos!$C$28*G19)) -> -184 | K19: =(0.85*Datos!$C$14*$B$8*D19+$F$8*(H19-IF($D$8<D19,0.85*Datos!$C$14,0))+$H$8*(I19-IF($C$8/2<D19,0.85*Datos!$C$14,0))+$G$8*(J19-IF($E$8<D19,0.85*Datos!$C$14,0)))/1000 -> 749.22339 | L19: =(0.85*Datos!$C$14*$B$8*D19*($C$8/2-D19/2)+$F$8*(H19-IF($D$8<D19,0.85*Datos!$C$14,0))*($C$8/2-$D$8)+$G$8*(J19-IF($E$8<D19,0.85*Datos!$C$14,0))*($C$8/2-$E$8))/10^6 -> 57.097451 | M19: =-G19 -> 0.00092 | N19: =IF(M19>=0.005,0.9,IF(M19<=Datos!$C$25/Datos!$C$28,0.65,0.65+(M19-Datos!$C$25/Datos!$C$28)*0.25/(0.005-Datos!$C$25/Datos!$C$28))) -> 0.65 | O19: =MIN(N19*K19,$J$8) -> 486.9952 | P19: =N19*L19 -> 37.113343
B20: 0.5 | C20: =B20*$C$8 -> 125 | D20: =MIN(Datos!$C$16*C20,$C$8) -> 106.25 | E20: =IF(C20=0,0,0.003*(C20-$D$8)/C20) -> 0.001704 | F20: =IF(C20=0,0,0.003*(C20-$C$8/2)/C20) -> 0 | G20: =IF(C20=0,0,0.003*(C20-$E$8)/C20) -> -0.001704 | H20: =MAX(-Datos!$C$25,MIN(Datos!$C$25,Datos!$C$28*E20)) -> 340.8 | I20: =MAX(-Datos!$C$25,MIN(Datos!$C$25,Datos!$C$28*F20)) -> 0 | J20: =MAX(-Datos!$C$25,MIN(Datos!$C$25,Datos!$C$28*G20)) -> -340.8 | K20: =(0.85*Datos!$C$14*$B$8*D20+$F$8*(H20-IF($D$8<D20,0.85*Datos!$C$14,0))+$H$8*(I20-IF($C$8/2<D20,0.85*Datos!$C$14,0))+$G$8*(J20-IF($E$8<D20,0.85*Datos!$C$14,0)))/1000 -> 555.90799 | L20: =(0.85*Datos!$C$14*$B$8*D20*($C$8/2-D20/2)+$F$8*(H20-IF($D$8<D20,0.85*Datos!$C$14,0))*($C$8/2-$D$8)+$G$8*(J20-IF($E$8<D20,0.85*Datos!$C$14,0))*($C$8/2-$E$8))/10^6 -> 59.423585 | M20: =-G20 -> 0.001704 | N20: =IF(M20>=0.005,0.9,IF(M20<=Datos!$C$25/Datos!$C$28,0.65,0.65+(M20-Datos!$C$25/Datos!$C$28)*0.25/(0.005-Datos!$C$25/Datos!$C$28))) -> 0.65 | O20: =MIN(N20*K20,$J$8) -> 361.3402 | P20: =N20*L20 -> 38.62533
B21: 0.45 | C21: =B21*$C$8 -> 112.5 | D21: =MIN(Datos!$C$16*C21,$C$8) -> 95.625 | E21: =IF(C21=0,0,0.003*(C21-$D$8)/C21) -> 0.00156 | F21: =IF(C21=0,0,0.003*(C21-$C$8/2)/C21) -> -0.00033333333 | G21: =IF(C21=0,0,0.003*(C21-$E$8)/C21) -> -0.0022266667 | H21: =MAX(-Datos!$C$25,MIN(Datos!$C$25,Datos!$C$28*E21)) -> 312 | I21: =MAX(-Datos!$C$25,MIN(Datos!$C$25,Datos!$C$28*F21)) -> -66.666667 | J21: =MAX(-Datos!$C$25,MIN(Datos!$C$25,Datos!$C$28*G21)) -> -420 | K21: =(0.85*Datos!$C$14*$B$8*D21+$F$8*(H21-IF($D$8<D21,0.85*Datos!$C$14,0))+$H$8*(I21-IF($C$8/2<D21,0.85*Datos!$C$14,0))+$G$8*(J21-IF($E$8<D21,0.85*Datos!$C$14,0)))/1000 -> 456.0333 | L21: =(0.85*Datos!$C$14*$B$8*D21*($C$8/2-D21/2)+$F$8*(H21-IF($D$8<D21,0.85*Datos!$C$14,0))*($C$8/2-$D$8)+$G$8*(J21-IF($E$8<D21,0.85*Datos!$C$14,0))*($C$8/2-$E$8))/10^6 -> 59.50433 | M21: =-G21 -> 0.0022266667 | N21: =IF(M21>=0.005,0.9,IF(M21<=Datos!$C$25/Datos!$C$28,0.65,0.65+(M21-Datos!$C$25/Datos!$C$28)*0.25/(0.005-Datos!$C$25/Datos!$C$28))) -> 0.66091954 | O21: =MIN(N21*K21,$J$8) -> 301.40132 | P21: =N21*L21 -> 39.327574
... B30: 0.02 | C30: =B30*$C$8 -> 5 | D30: =MIN(Datos!$C$16*C30,$C$8) -> 4.25 | E30: =IF(C30=0,0,0.003*(C30-$D$8)/C30) -> -0.0294 | F30: =IF(C30=0,0,0.003*(C30-$C$8/2)/C30) -> -0.072 | G30: =IF(C30=0,0,0.003*(C30-$E$8)/C30) -> -0.1146 | H30: =MAX(-Datos!$C$25,MIN(Datos!$C$25,Datos!$C$28*E30)) -> -420 | I30: =MAX(-Datos!$C$25,MIN(Datos!$C$25,Datos!$C$28*F30)) -> -420 | J30: =MAX(-Datos!$C$25,MIN(Datos!$C$25,Datos!$C$28*G30)) -> -420 | K30: =(0.85*Datos!$C$14*$B$8*D30+$F$8*(H30-IF($D$8<D30,0.85*Datos!$C$14,0))+$H$8*(I30-IF($C$8/2<D30,0.85*Datos!$C$14,0))+$G$8*(J30-IF($E$8<D30,0.85*Datos!$C$14,0)))/1000 -> -315.20592 | L30: =(0.85*Datos!$C$14*$B$8*D30*($C$8/2-D30/2)+$F$8*(H30-IF($D$8<D30,0.85*Datos!$C$14,0))*($C$8/2-$D$8)+$G$8*(J30-IF($E$8<D30,0.85*Datos!$C$14,0))*($C$8/2-$E$8))/10^6 -> 2.7742871 | M30: =-G30 -> 0.1146 | N30: =IF(M30>=0.005,0.9,IF(M30<=Datos!$C$25/Datos!$C$28,0.65,0.65+(M30-Datos!$C$25/Datos!$C$28)*0.25/(0.005-Datos!$C$25/Datos!$C$28))) -> 0.9 | O30: =MIN(N30*K30,$J$8) -> -283.68533 | P30: =N30*L30 -> 2.4968584
B32: φMn disponible para Pu: | P32: =IF(Columnas!$H$16="",0,IF(Columnas!$K$6>$J$8,0,IF(Columnas!$K$6<=$O$30,$P$30,IF(INDEX($O$10:$O$30,SUMPRODUCT(--($O$10:$O$30>=Columnas!$K$6)))=INDEX($O$10:$O$30,SUMPRODUCT(--($O$10:$O$30>=Columnas!$K$6))+1),INDEX($P$10:$P$30,SUMPRODUCT(--($O$10:$O$30>=Columnas!$K$6))),INDEX($P$10:$P$30,SUMPRODUCT(--($O$10:$O$30>=Columnas!$K$6)))+(INDEX($P$10:$P$30,SUMPRODUCT(--($O$10:$O$30>=Columnas!$K$6))+1)-INDEX($P$10:$P$30,SUMPRODUCT(--($O$10:$O$30>=Columnas!$K$6))))*(INDEX($O$10:$O$30,SUMPRODUCT(--($O$10:$O$30>=Columnas!$K$6)))-Columnas!$K$6)/(INDEX($O$10:$O$30,SUMPRODUCT(--($O$10:$O$30>=Columnas!$K$6)))-INDEX($O$10:$O$30,SUMPRODUCT(--($O$10:$O$30>=Columnas!$K$6))+1)))))) -> 38.104952
B33: Punto de diseño (Mu ; Pu): | O33: =Columnas!$L$6 -> 15 | P33: =Columnas!$K$6 -> 134.9745
B36: =IF(Columnas!B7="","(columna sin cargar)","Columna "&Columnas!B7&" – "&Columnas!C7&" × "&Columnas!D7&" cm") -> Columna C2 – 30 × 30 cm
B37: b [mm] | C37: h [mm] | D37: d1 [mm] | E37: d2 [mm] | F37: As1 [mm²] | G37: As2 [mm²] | H37: As3 [mm²] | I37: Po [kN] | J37: φPn,máx [kN] | K37: φPn,máx (a Columnas)
B38: =IF(Columnas!$H$17="",0,Columnas!$C$7*10) -> 300 | C38: =IF(Columnas!$H$17="",0,Columnas!$D$7*10) -> 300 | D38: =IF(Columnas!$H$17="",0,Columnas!$J$17*10) -> 54 | E38: =C38-D38 -> 246 | F38: =IF(Columnas!$H$17="",0,Columnas!$D$17*(PI()*Columnas!$E$17^2/4)) -> 402.12386 | G38: =F38 -> 402.12386 | H38: =IF(Columnas!$H$17="",0,(Columnas!$C$17-2*Columnas!$D$17)*(PI()*Columnas!$E$17^2/4)) -> 402.12386 | I38: =(0.85*Datos!$C$14*(B38*C38-(F38+G38+H38))+Datos!$C$25*(F38+G38+H38))/1000 -> 2393.5407 | J38: =0.8*0.65*I38 -> 1244.6411 | K38: =J38 -> 1244.6411
B39: c / h | C39: c [mm] | D39: a [mm] | E39: εs1 | F39: εs3 | G39: εs2 | H39: fs1 [MPa] | I39: fs3 [MPa] | J39: fs2 [MPa] | K39: Pn [kN] | L39: Mn [kNm] | M39: εt | N39: φ | O39: φPn [kN] | P39: φMn [kNm]
B40: 100 | C40: =B40*$C$38 -> 30000 | D40: =MIN(Datos!$C$16*C40,$C$38) -> 300 | E40: =IF(C40=0,0,0.003*(C40-$D$38)/C40) -> 0.0029946 | F40: =IF(C40=0,0,0.003*(C40-$C$38/2)/C40) -> 0.002985 | G40: =IF(C40=0,0,0.003*(C40-$E$38)/C40) -> 0.0029754 | H40: =MAX(-Datos!$C$25,MIN(Datos!$C$25,Datos!$C$28*E40)) -> 420 | I40: =MAX(-Datos!$C$25,MIN(Datos!$C$25,Datos!$C$28*F40)) -> 420 | J40: =MAX(-Datos!$C$25,MIN(Datos!$C$25,Datos!$C$28*G40)) -> 420 | K40: =(0.85*Datos!$C$14*$B$38*D40+$F$38*(H40-IF($D$38<D40,0.85*Datos!$C$14,0))+$H$38*(I40-IF($C$38/2<D40,0.85*Datos!$C$14,0))+$G$38*(J40-IF($E$38<D40,0.85*Datos!$C$14,0)))/1000 -> 2393.5407 | L40: =(0.85*Datos!$C$14*$B$38*D40*($C$38/2-D40/2)+$F$38*(H40-IF($D$38<D40,0.85*Datos!$C$14,0))*($C$38/2-$D$38)+$G$38*(J40-IF($E$38<D40,0.85*Datos!$C$14,0))*($C$38/2-$E$38))/10^6 -> 0 | M40: =-G40 -> -0.0029754 | N40: =IF(M40>=0.005,0.9,IF(M40<=Datos!$C$25/Datos!$C$28,0.65,0.65+(M40-Datos!$C$25/Datos!$C$28)*0.25/(0.005-Datos!$C$25/Datos!$C$28))) -> 0.65 | O40: =MIN(N40*K40,$J$38) -> 1244.6411 | P40: =N40*L40 -> 0
B41: 3 | C41: =B41*$C$38 -> 900 | D41: =MIN(Datos!$C$16*C41,$C$38) -> 300 | E41: =IF(C41=0,0,0.003*(C41-$D$38)/C41) -> 0.00282 | F41: =IF(C41=0,0,0.003*(C41-$C$38/2)/C41) -> 0.0025 | G41: =IF(C41=0,0,0.003*(C41-$E$38)/C41) -> 0.00218 | H41: =MAX(-Datos!$C$25,MIN(Datos!$C$25,Datos!$C$28*E41)) -> 420 | I41: =MAX(-Datos!$C$25,MIN(Datos!$C$25,Datos!$C$28*F41)) -> 420 | J41: =MAX(-Datos!$C$25,MIN(Datos!$C$25,Datos!$C$28*G41)) -> 420 | K41: =(0.85*Datos!$C$14*$B$38*D41+$F$38*(H41-IF($D$38<D41,0.85*Datos!$C$14,0))+$H$38*(I41-IF($C$38/2<D41,0.85*Datos!$C$14,0))+$G$38*(J41-IF($E$38<D41,0.85*Datos!$C$14,0)))/1000 -> 2393.5407 | L41: =(0.85*Datos!$C$14*$B$38*D41*($C$38/2-D41/2)+$F$38*(H41-IF($D$38<D41,0.85*Datos!$C$14,0))*($C$38/2-$D$38)+$G$38*(J41-IF($E$38<D41,0.85*Datos!$C$14,0))*($C$38/2-$E$38))/10^6 -> 0 | M41: =-G41 -> -0.00218 | N41: =IF(M41>=0.005,0.9,IF(M41<=Datos!$C$25/Datos!$C$28,0.65,0.65+(M41-Datos!$C$25/Datos!$C$28)*0.25/(0.005-Datos!$C$25/Datos!$C$28))) -> 0.65 | O41: =MIN(N41*K41,$J$38) -> 1244.6411 | P41: =N41*L41 -> 0
B42: 2 | C42: =B42*$C$38 -> 600 | D42: =MIN(Datos!$C$16*C42,$C$38) -> 300 | E42: =IF(C42=0,0,0.003*(C42-$D$38)/C42) -> 0.00273 | F42: =IF(C42=0,0,0.003*(C42-$C$38/2)/C42) -> 0.00225 | G42: =IF(C42=0,0,0.003*(C42-$E$38)/C42) -> 0.00177 | H42: =MAX(-Datos!$C$25,MIN(Datos!$C$25,Datos!$C$28*E42)) -> 420 | I42: =MAX(-Datos!$C$25,MIN(Datos!$C$25,Datos!$C$28*F42)) -> 420 | J42: =MAX(-Datos!$C$25,MIN(Datos!$C$25,Datos!$C$28*G42)) -> 354 | K42: =(0.85*Datos!$C$14*$B$38*D42+$F$38*(H42-IF($D$38<D42,0.85*Datos!$C$14,0))+$H$38*(I42-IF($C$38/2<D42,0.85*Datos!$C$14,0))+$G$38*(J42-IF($E$38<D42,0.85*Datos!$C$14,0)))/1000 -> 2367.0005 | L42: =(0.85*Datos!$C$14*$B$38*D42*($C$38/2-D42/2)+$F$38*(H42-IF($D$38<D42,0.85*Datos!$C$14,0))*($C$38/2-$D$38)+$G$38*(J42-IF($E$38<D42,0.85*Datos!$C$14,0))*($C$38/2-$E$38))/10^6 -> 2.5478568 | M42: =-G42 -> -0.00177 | N42: =IF(M42>=0.005,0.9,IF(M42<=Datos!$C$25/Datos!$C$28,0.65,0.65+(M42-Datos!$C$25/Datos!$C$28)*0.25/(0.005-Datos!$C$25/Datos!$C$28))) -> 0.65 | O42: =MIN(N42*K42,$J$38) -> 1244.6411 | P42: =N42*L42 -> 1.6561069
B43: 1.5 | C43: =B43*$C$38 -> 450 | D43: =MIN(Datos!$C$16*C43,$C$38) -> 300 | E43: =IF(C43=0,0,0.003*(C43-$D$38)/C43) -> 0.00264 | F43: =IF(C43=0,0,0.003*(C43-$C$38/2)/C43) -> 0.002 | G43: =IF(C43=0,0,0.003*(C43-$E$38)/C43) -> 0.00136 | H43: =MAX(-Datos!$C$25,MIN(Datos!$C$25,Datos!$C$28*E43)) -> 420 | I43: =MAX(-Datos!$C$25,MIN(Datos!$C$25,Datos!$C$28*F43)) -> 400 | J43: =MAX(-Datos!$C$25,MIN(Datos!$C$25,Datos!$C$28*G43)) -> 272 | K43: =(0.85*Datos!$C$14*$B$38*D43+$F$38*(H43-IF($D$38<D43,0.85*Datos!$C$14,0))+$H$38*(I43-IF($C$38/2<D43,0.85*Datos!$C$14,0))+$G$38*(J43-IF($E$38<D43,0.85*Datos!$C$14,0)))/1000 -> 2325.9839 | L43: =(0.85*Datos!$C$14*$B$38*D43*($C$38/2-D43/2)+$F$38*(H43-IF($D$38<D43,0.85*Datos!$C$14,0))*($C$38/2-$D$38)+$G$38*(J43-IF($E$38<D43,0.85*Datos!$C$14,0))*($C$38/2-$E$38))/10^6 -> 5.7133758 | M43: =-G43 -> -0.00136 | N43: =IF(M43>=0.005,0.9,IF(M43<=Datos!$C$25/Datos!$C$28,0.65,0.65+(M43-Datos!$C$25/Datos!$C$28)*0.25/(0.005-Datos!$C$25/Datos!$C$28))) -> 0.65 | O43: =MIN(N43*K43,$J$38) -> 1244.6411 | P43: =N43*L43 -> 3.7136943
B44: 1.2 | C44: =B44*$C$38 -> 360 | D44: =MIN(Datos!$C$16*C44,$C$38) -> 300 | E44: =IF(C44=0,0,0.003*(C44-$D$38)/C44) -> 0.00255 | F44: =IF(C44=0,0,0.003*(C44-$C$38/2)/C44) -> 0.00175 | G44: =IF(C44=0,0,0.003*(C44-$E$38)/C44) -> 0.00095 | H44: =MAX(-Datos!$C$25,MIN(Datos!$C$25,Datos!$C$28*E44)) -> 420 | I44: =MAX(-Datos!$C$25,MIN(Datos!$C$25,Datos!$C$28*F44)) -> 350 | J44: =MAX(-Datos!$C$25,MIN(Datos!$C$25,Datos!$C$28*G44)) -> 190 | K44: =(0.85*Datos!$C$14*$B$38*D44+$F$38*(H44-IF($D$38<D44,0.85*Datos!$C$14,0))+$H$38*(I44-IF($C$38/2<D44,0.85*Datos!$C$14,0))+$G$38*(J44-IF($E$38<D44,0.85*Datos!$C$14,0)))/1000 -> 2272.9035 | L44: =(0.85*Datos!$C$14*$B$38*D44*($C$38/2-D44/2)+$F$38*(H44-IF($D$38<D44,0.85*Datos!$C$14,0))*($C$38/2-$D$38)+$G$38*(J44-IF($E$38<D44,0.85*Datos!$C$14,0))*($C$38/2-$E$38))/10^6 -> 8.8788948 | M44: =-G44 -> -0.00095 | N44: =IF(M44>=0.005,0.9,IF(M44<=Datos!$C$25/Datos!$C$28,0.65,0.65+(M44-Datos!$C$25/Datos!$C$28)*0.25/(0.005-Datos!$C$25/Datos!$C$28))) -> 0.65 | O44: =MIN(N44*K44,$J$38) -> 1244.6411 | P44: =N44*L44 -> 5.7712816
B45: 1 | C45: =B45*$C$38 -> 300 | D45: =MIN(Datos!$C$16*C45,$C$38) -> 255 | E45: =IF(C45=0,0,0.003*(C45-$D$38)/C45) -> 0.00246 | F45: =IF(C45=0,0,0.003*(C45-$C$38/2)/C45) -> 0.0015 | G45: =IF(C45=0,0,0.003*(C45-$E$38)/C45) -> 0.00054 | H45: =MAX(-Datos!$C$25,MIN(Datos!$C$25,Datos!$C$28*E45)) -> 420 | I45: =MAX(-Datos!$C$25,MIN(Datos!$C$25,Datos!$C$28*F45)) -> 300 | J45: =MAX(-Datos!$C$25,MIN(Datos!$C$25,Datos!$C$28*G45)) -> 108 | K45: =(0.85*Datos!$C$14*$B$38*D45+$F$38*(H45-IF($D$38<D45,0.85*Datos!$C$14,0))+$H$38*(I45-IF($C$38/2<D45,0.85*Datos!$C$14,0))+$G$38*(J45-IF($E$38<D45,0.85*Datos!$C$14,0)))/1000 -> 1932.9482 | L45: =(0.85*Datos!$C$14*$B$38*D45*($C$38/2-D45/2)+$F$38*(H45-IF($D$38<D45,0.85*Datos!$C$14,0))*($C$38/2-$D$38)+$G$38*(J45-IF($E$38<D45,0.85*Datos!$C$14,0))*($C$38/2-$E$38))/10^6 -> 48.620976 | M45: =-G45 -> -0.00054 | N45: =IF(M45>=0.005,0.9,IF(M45<=Datos!$C$25/Datos!$C$28,0.65,0.65+(M45-Datos!$C$25/Datos!$C$28)*0.25/(0.005-Datos!$C$25/Datos!$C$28))) -> 0.65 | O45: =MIN(N45*K45,$J$38) -> 1244.6411 | P45: =N45*L45 -> 31.603635
B46: 0.9 | C46: =B46*$C$38 -> 270 | D46: =MIN(Datos!$C$16*C46,$C$38) -> 229.5 | E46: =IF(C46=0,0,0.003*(C46-$D$38)/C46) -> 0.0024 | F46: =IF(C46=0,0,0.003*(C46-$C$38/2)/C46) -> 0.0013333333 | G46: =IF(C46=0,0,0.003*(C46-$E$38)/C46) -> 0.00026666667 | H46: =MAX(-Datos!$C$25,MIN(Datos!$C$25,Datos!$C$28*E46)) -> 420 | I46: =MAX(-Datos!$C$25,MIN(Datos!$C$25,Datos!$C$28*F46)) -> 266.66667 | J46: =MAX(-Datos!$C$25,MIN(Datos!$C$25,Datos!$C$28*G46)) -> 53.333333 | K46: =(0.85*Datos!$C$14*$B$38*D46+$F$38*(H46-IF($D$38<D46,0.85*Datos!$C$14,0))+$H$38*(I46-IF($C$38/2<D46,0.85*Datos!$C$14,0))+$G$38*(J46-IF($E$38<D46,0.85*Datos!$C$14,0)))/1000 -> 1743.5439 | L46: =(0.85*Datos!$C$14*$B$38*D46*($C$38/2-D46/2)+$F$38*(H46-IF($D$38<D46,0.85*Datos!$C$14,0))*($C$38/2-$D$38)+$G$38*(J46-IF($E$38<D46,0.85*Datos!$C$14,0))*($C$38/2-$E$38))/10^6 -> 64.90738 | M46: =-G46 -> -0.00026666667 | N46: =IF(M46>=0.005,0.9,IF(M46<=Datos!$C$25/Datos!$C$28,0.65,0.65+(M46-Datos!$C$25/Datos!$C$28)*0.25/(0.005-Datos!$C$25/Datos!$C$28))) -> 0.65 | O46: =MIN(N46*K46,$J$38) -> 1133.3035 | P46: =N46*L46 -> 42.189797
B47: 0.8 | C47: =B47*$C$38 -> 240 | D47: =MIN(Datos!$C$16*C47,$C$38) -> 204 | E47: =IF(C47=0,0,0.003*(C47-$D$38)/C47) -> 0.002325 | F47: =IF(C47=0,0,0.003*(C47-$C$38/2)/C47) -> 0.001125 | G47: =IF(C47=0,0,0.003*(C47-$E$38)/C47) -> -7.5e-05 | H47: =MAX(-Datos!$C$25,MIN(Datos!$C$25,Datos!$C$28*E47)) -> 420 | I47: =MAX(-Datos!$C$25,MIN(Datos!$C$25,Datos!$C$28*F47)) -> 225 | J47: =MAX(-Datos!$C$25,MIN(Datos!$C$25,Datos!$C$28*G47)) -> -15 | K47: =(0.85*Datos!$C$14*$B$38*D47+$F$38*(H47-IF($D$38<D47,0.85*Datos!$C$14,0))+$H$38*(I47-IF($C$38/2<D47,0.85*Datos!$C$14,0))+$G$38*(J47-IF($E$38<D47,0.85*Datos!$C$14,0)))/1000 -> 1536.7478 | L47: =(0.85*Datos!$C$14*$B$38*D47*($C$38/2-D47/2)+$F$38*(H47-IF($D$38<D47,0.85*Datos!$C$14,0))*($C$38/2-$D$38)+$G$38*(J47-IF($E$38<D47,0.85*Datos!$C$14,0))*($C$38/2-$E$38))/10^6 -> 78.39636 | M47: =-G47 -> 7.5e-05 | N47: =IF(M47>=0.005,0.9,IF(M47<=Datos!$C$25/Datos!$C$28,0.65,0.65+(M47-Datos!$C$25/Datos!$C$28)*0.25/(0.005-Datos!$C$25/Datos!$C$28))) -> 0.65 | O47: =MIN(N47*K47,$J$38) -> 998.88605 | P47: =N47*L47 -> 50.957634
B48: 0.7 | C48: =B48*$C$38 -> 210 | D48: =MIN(Datos!$C$16*C48,$C$38) -> 178.5 | E48: =IF(C48=0,0,0.003*(C48-$D$38)/C48) -> 0.0022285714 | F48: =IF(C48=0,0,0.003*(C48-$C$38/2)/C48) -> 0.00085714286 | G48: =IF(C48=0,0,0.003*(C48-$E$38)/C48) -> -0.00051428571 | H48: =MAX(-Datos!$C$25,MIN(Datos!$C$25,Datos!$C$28*E48)) -> 420 | I48: =MAX(-Datos!$C$25,MIN(Datos!$C$25,Datos!$C$28*F48)) -> 171.42857 | J48: =MAX(-Datos!$C$25,MIN(Datos!$C$25,Datos!$C$28*G48)) -> -102.85714 | K48: =(0.85*Datos!$C$14*$B$38*D48+$F$38*(H48-IF($D$38<D48,0.85*Datos!$C$14,0))+$H$38*(I48-IF($C$38/2<D48,0.85*Datos!$C$14,0))+$G$38*(J48-IF($E$38<D48,0.85*Datos!$C$14,0)))/1000 -> 1317.3135 | L48: =(0.85*Datos!$C$14*$B$38*D48*($C$38/2-D48/2)+$F$38*(H48-IF($D$38<D48,0.85*Datos!$C$14,0))*($C$38/2-$D$38)+$G$38*(J48-IF($E$38<D48,0.85*Datos!$C$14,0))*($C$38/2-$E$38))/10^6 -> 88.49369 | M48: =-G48 -> 0.00051428571 | N48: =IF(M48>=0.005,0.9,IF(M48<=Datos!$C$25/Datos!$C$28,0.65,0.65+(M48-Datos!$C$25/Datos!$C$28)*0.25/(0.005-Datos!$C$25/Datos!$C$28))) -> 0.65 | O48: =MIN(N48*K48,$J$38) -> 856.25375 | P48: =N48*L48 -> 57.520899
B49: 0.6 | C49: =B49*$C$38 -> 180 | D49: =MIN(Datos!$C$16*C49,$C$38) -> 153 | E49: =IF(C49=0,0,0.003*(C49-$D$38)/C49) -> 0.0021 | F49: =IF(C49=0,0,0.003*(C49-$C$38/2)/C49) -> 0.0005 | G49: =IF(C49=0,0,0.003*(C49-$E$38)/C49) -> -0.0011 | H49: =MAX(-Datos!$C$25,MIN(Datos!$C$25,Datos!$C$28*E49)) -> 420 | I49: =MAX(-Datos!$C$25,MIN(Datos!$C$25,Datos!$C$28*F49)) -> 100 | J49: =MAX(-Datos!$C$25,MIN(Datos!$C$25,Datos!$C$28*G49)) -> -220 | K49: =(0.85*Datos!$C$14*$B$38*D49+$F$38*(H49-IF($D$38<D49,0.85*Datos!$C$14,0))+$H$38*(I49-IF($C$38/2<D49,0.85*Datos!$C$14,0))+$G$38*(J49-IF($E$38<D49,0.85*Datos!$C$14,0)))/1000 -> 1078.9219 | L49: =(0.85*Datos!$C$14*$B$38*D49*($C$38/2-D49/2)+$F$38*(H49-IF($D$38<D49,0.85*Datos!$C$14,0))*($C$38/2-$D$38)+$G$38*(J49-IF($E$38<D49,0.85*Datos!$C$14,0))*($C$38/2-$E$38))/10^6 -> 95.57622 | M49: =-G49 -> 0.0011 | N49: =IF(M49>=0.005,0.9,IF(M49<=Datos!$C$25/Datos!$C$28,0.65,0.65+(M49-Datos!$C$25/Datos!$C$28)*0.25/(0.005-Datos!$C$25/Datos!$C$28))) -> 0.65 | O49: =MIN(N49*K49,$J$38) -> 701.29923 | P49: =N49*L49 -> 62.124543
B50: 0.5 | C50: =B50*$C$38 -> 150 | D50: =MIN(Datos!$C$16*C50,$C$38) -> 127.5 | E50: =IF(C50=0,0,0.003*(C50-$D$38)/C50) -> 0.00192 | F50: =IF(C50=0,0,0.003*(C50-$C$38/2)/C50) -> 0 | G50: =IF(C50=0,0,0.003*(C50-$E$38)/C50) -> -0.00192 | H50: =MAX(-Datos!$C$25,MIN(Datos!$C$25,Datos!$C$28*E50)) -> 384 | I50: =MAX(-Datos!$C$25,MIN(Datos!$C$25,Datos!$C$28*F50)) -> 0 | J50: =MAX(-Datos!$C$25,MIN(Datos!$C$25,Datos!$C$28*G50)) -> -384 | K50: =(0.85*Datos!$C$14*$B$38*D50+$F$38*(H50-IF($D$38<D50,0.85*Datos!$C$14,0))+$H$38*(I50-IF($C$38/2<D50,0.85*Datos!$C$14,0))+$G$38*(J50-IF($E$38<D50,0.85*Datos!$C$14,0)))/1000 -> 804.26737 | L50: =(0.85*Datos!$C$14*$B$38*D50*($C$38/2-D50/2)+$F$38*(H50-IF($D$38<D50,0.85*Datos!$C$14,0))*($C$38/2-$D$38)+$G$38*(J50-IF($E$38<D50,0.85*Datos!$C$14,0))*($C$38/2-$E$38))/10^6 -> 98.932533 | M50: =-G50 -> 0.00192 | N50: =IF(M50>=0.005,0.9,IF(M50<=Datos!$C$25/Datos!$C$28,0.65,0.65+(M50-Datos!$C$25/Datos!$C$28)*0.25/(0.005-Datos!$C$25/Datos!$C$28))) -> 0.65 | O50: =MIN(N50*K50,$J$38) -> 522.77379 | P50: =N50*L50 -> 64.306147
B51: 0.45 | C51: =B51*$C$38 -> 135 | D51: =MIN(Datos!$C$16*C51,$C$38) -> 114.75 | E51: =IF(C51=0,0,0.003*(C51-$D$38)/C51) -> 0.0018 | F51: =IF(C51=0,0,0.003*(C51-$C$38/2)/C51) -> -0.00033333333 | G51: =IF(C51=0,0,0.003*(C51-$E$38)/C51) -> -0.0024666667 | H51: =MAX(-Datos!$C$25,MIN(Datos!$C$25,Datos!$C$28*E51)) -> 360 | I51: =MAX(-Datos!$C$25,MIN(Datos!$C$25,Datos!$C$28*F51)) -> -66.666667 | J51: =MAX(-Datos!$C$25,MIN(Datos!$C$25,Datos!$C$28*G51)) -> -420 | K51: =(0.85*Datos!$C$14*$B$38*D51+$F$38*(H51-IF($D$38<D51,0.85*Datos!$C$14,0))+$H$38*(I51-IF($C$38/2<D51,0.85*Datos!$C$14,0))+$G$38*(J51-IF($E$38<D51,0.85*Datos!$C$14,0)))/1000 -> 672.05043 | L51: =(0.85*Datos!$C$14*$B$38*D51*($C$38/2-D51/2)+$F$38*(H51-IF($D$38<D51,0.85*Datos!$C$14,0))*($C$38/2-$D$38)+$G$38*(J51-IF($E$38<D51,0.85*Datos!$C$14,0))*($C$38/2-$E$38))/10^6 -> 97.048784 | M51: =-G51 -> 0.0024666667 | N51: =IF(M51>=0.005,0.9,IF(M51<=Datos!$C$25/Datos!$C$28,0.65,0.65+(M51-Datos!$C$25/Datos!$C$28)*0.25/(0.005-Datos!$C$25/Datos!$C$28))) -> 0.6816092 | O51: =MIN(N51*K51,$J$38) -> 458.07575 | P51: =N51*L51 -> 66.149344
... B60: 0.02 | C60: =B60*$C$38 -> 6 | D60: =MIN(Datos!$C$16*C60,$C$38) -> 5.1 | E60: =IF(C60=0,0,0.003*(C60-$D$38)/C60) -> -0.024 | F60: =IF(C60=0,0,0.003*(C60-$C$38/2)/C60) -> -0.072 | G60: =IF(C60=0,0,0.003*(C60-$E$38)/C60) -> -0.12 | H60: =MAX(-Datos!$C$25,MIN(Datos!$C$25,Datos!$C$28*E60)) -> -420 | I60: =MAX(-Datos!$C$25,MIN(Datos!$C$25,Datos!$C$28*F60)) -> -420 | J60: =MAX(-Datos!$C$25,MIN(Datos!$C$25,Datos!$C$28*G60)) -> -420 | K60: =(0.85*Datos!$C$14*$B$38*D60+$F$38*(H60-IF($D$38<D60,0.85*Datos!$C$14,0))+$H$38*(I60-IF($C$38/2<D60,0.85*Datos!$C$14,0))+$G$38*(J60-IF($E$38<D60,0.85*Datos!$C$14,0)))/1000 -> -474.16356 | L60: =(0.85*Datos!$C$14*$B$38*D60*($C$38/2-D60/2)+$F$38*(H60-IF($D$38<D60,0.85*Datos!$C$14,0))*($C$38/2-$D$38)+$G$38*(J60-IF($E$38<D60,0.85*Datos!$C$14,0))*($C$38/2-$E$38))/10^6 -> 4.7939681 | M60: =-G60 -> 0.12 | N60: =IF(M60>=0.005,0.9,IF(M60<=Datos!$C$25/Datos!$C$28,0.65,0.65+(M60-Datos!$C$25/Datos!$C$28)*0.25/(0.005-Datos!$C$25/Datos!$C$28))) -> 0.9 | O60: =MIN(N60*K60,$J$38) -> -426.74721 | P60: =N60*L60 -> 4.3145713
B62: φMn disponible para Pu: | P62: =IF(Columnas!$H$17="",0,IF(Columnas!$K$7>$J$38,0,IF(Columnas!$K$7<=$O$60,$P$60,IF(INDEX($O$40:$O$60,SUMPRODUCT(--($O$40:$O$60>=Columnas!$K$7)))=INDEX($O$40:$O$60,SUMPRODUCT(--($O$40:$O$60>=Columnas!$K$7))+1),INDEX($P$40:$P$60,SUMPRODUCT(--($O$40:$O$60>=Columnas!$K$7))),INDEX($P$40:$P$60,SUMPRODUCT(--($O$40:$O$60>=Columnas!$K$7)))+(INDEX($P$40:$P$60,SUMPRODUCT(--($O$40:$O$60>=Columnas!$K$7))+1)-INDEX($P$40:$P$60,SUMPRODUCT(--($O$40:$O$60>=Columnas!$K$7))))*(INDEX($O$40:$O$60,SUMPRODUCT(--($O$40:$O$60>=Columnas!$K$7)))-Columnas!$K$7)/(INDEX($O$40:$O$60,SUMPRODUCT(--($O$40:$O$60>=Columnas!$K$7)))-INDEX($O$40:$O$60,SUMPRODUCT(--($O$40:$O$60>=Columnas!$K$7))+1)))))) -> 66.175842
B63: Punto de diseño (Mu ; Pu): | O63: =Columnas!$L$7 -> 25 | P63: =Columnas!$K$7 -> 156.698
B66: =IF(Columnas!B8="","(columna sin cargar)","Columna "&Columnas!B8&" – "&Columnas!C8&" × "&Columnas!D8&" cm") -> Columna C3 – 25 × 40 cm
B67: b [mm] | C67: h [mm] | D67: d1 [mm] | E67: d2 [mm] | F67: As1 [mm²] | G67: As2 [mm²] | H67: As3 [mm²] | I67: Po [kN] | J67: φPn,máx [kN] | K67: φPn,máx (a Columnas)
B68: =IF(Columnas!$H$18="",0,Columnas!$C$8*10) -> 250 | C68: =IF(Columnas!$H$18="",0,Columnas!$D$8*10) -> 400 | D68: =IF(Columnas!$H$18="",0,Columnas!$J$18*10) -> 56 | E68: =C68-D68 -> 344 | F68: =IF(Columnas!$H$18="",0,Columnas!$D$18*(PI()*Columnas!$E$18^2/4)) -> 603.18579 | G68: =F68 -> 603.18579 | H68: =IF(Columnas!$H$18="",0,(Columnas!$C$18-2*Columnas!$D$18)*(PI()*Columnas!$E$18^2/4)) -> 0 | I68: =(0.85*Datos!$C$14*(B68*C68-(F68+G68+H68))+Datos!$C$25*(F68+G68+H68))/1000 -> 2606.0407 | J68: =0.8*0.65*I68 -> 1355.1411 | K68: =J68 -> 1355.1411
B69: c / h | C69: c [mm] | D69: a [mm] | E69: εs1 | F69: εs3 | G69: εs2 | H69: fs1 [MPa] | I69: fs3 [MPa] | J69: fs2 [MPa] | K69: Pn [kN] | L69: Mn [kNm] | M69: εt | N69: φ | O69: φPn [kN] | P69: φMn [kNm]
B70: 100 | C70: =B70*$C$68 -> 40000 | D70: =MIN(Datos!$C$16*C70,$C$68) -> 400 | E70: =IF(C70=0,0,0.003*(C70-$D$68)/C70) -> 0.0029958 | F70: =IF(C70=0,0,0.003*(C70-$C$68/2)/C70) -> 0.002985 | G70: =IF(C70=0,0,0.003*(C70-$E$68)/C70) -> 0.0029742 | H70: =MAX(-Datos!$C$25,MIN(Datos!$C$25,Datos!$C$28*E70)) -> 420 | I70: =MAX(-Datos!$C$25,MIN(Datos!$C$25,Datos!$C$28*F70)) -> 420 | J70: =MAX(-Datos!$C$25,MIN(Datos!$C$25,Datos!$C$28*G70)) -> 420 | K70: =(0.85*Datos!$C$14*$B$68*D70+$F$68*(H70-IF($D$68<D70,0.85*Datos!$C$14,0))+$H$68*(I70-IF($C$68/2<D70,0.85*Datos!$C$14,0))+$G$68*(J70-IF($E$68<D70,0.85*Datos!$C$14,0)))/1000 -> 2606.0407 | L70: =(0.85*Datos!$C$14*$B$68*D70*($C$68/2-D70/2)+$F$68*(H70-IF($D$68<D70,0.85*Datos!$C$14,0))*($C$68/2-$D$68)+$G$68*(J70-IF($E$68<D70,0.85*Datos!$C$14,0))*($C$68/2-$E$68))/10^6 -> 0 | M70: =-G70 -> -0.0029742 | N70: =IF(M70>=0.005,0.9,IF(M70<=Datos!$C$25/Datos!$C$28,0.65,0.65+(M70-Datos!$C$25/Datos!$C$28)*0.25/(0.005-Datos!$C$25/Datos!$C$28))) -> 0.65 | O70: =MIN(N70*K70,$J$68) -> 1355.1411 | P70: =N70*L70 -> 0
B71: 3 | C71: =B71*$C$68 -> 1200 | D71: =MIN(Datos!$C$16*C71,$C$68) -> 400 | E71: =IF(C71=0,0,0.003*(C71-$D$68)/C71) -> 0.00286 | F71: =IF(C71=0,0,0.003*(C71-$C$68/2)/C71) -> 0.0025 | G71: =IF(C71=0,0,0.003*(C71-$E$68)/C71) -> 0.00214 | H71: =MAX(-Datos!$C$25,MIN(Datos!$C$25,Datos!$C$28*E71)) -> 420 | I71: =MAX(-Datos!$C$25,MIN(Datos!$C$25,Datos!$C$28*F71)) -> 420 | J71: =MAX(-Datos!$C$25,MIN(Datos!$C$25,Datos!$C$28*G71)) -> 420 | K71: =(0.85*Datos!$C$14*$B$68*D71+$F$68*(H71-IF($D$68<D71,0.85*Datos!$C$14,0))+$H$68*(I71-IF($C$68/2<D71,0.85*Datos!$C$14,0))+$G$68*(J71-IF($E$68<D71,0.85*Datos!$C$14,0)))/1000 -> 2606.0407 | L71: =(0.85*Datos!$C$14*$B$68*D71*($C$68/2-D71/2)+$F$68*(H71-IF($D$68<D71,0.85*Datos!$C$14,0))*($C$68/2-$D$68)+$G$68*(J71-IF($E$68<D71,0.85*Datos!$C$14,0))*($C$68/2-$E$68))/10^6 -> 0 | M71: =-G71 -> -0.00214 | N71: =IF(M71>=0.005,0.9,IF(M71<=Datos!$C$25/Datos!$C$28,0.65,0.65+(M71-Datos!$C$25/Datos!$C$28)*0.25/(0.005-Datos!$C$25/Datos!$C$28))) -> 0.65 | O71: =MIN(N71*K71,$J$68) -> 1355.1411 | P71: =N71*L71 -> 0
B72: 2 | C72: =B72*$C$68 -> 800 | D72: =MIN(Datos!$C$16*C72,$C$68) -> 400 | E72: =IF(C72=0,0,0.003*(C72-$D$68)/C72) -> 0.00279 | F72: =IF(C72=0,0,0.003*(C72-$C$68/2)/C72) -> 0.00225 | G72: =IF(C72=0,0,0.003*(C72-$E$68)/C72) -> 0.00171 | H72: =MAX(-Datos!$C$25,MIN(Datos!$C$25,Datos!$C$28*E72)) -> 420 | I72: =MAX(-Datos!$C$25,MIN(Datos!$C$25,Datos!$C$28*F72)) -> 420 | J72: =MAX(-Datos!$C$25,MIN(Datos!$C$25,Datos!$C$28*G72)) -> 342 | K72: =(0.85*Datos!$C$14*$B$68*D72+$F$68*(H72-IF($D$68<D72,0.85*Datos!$C$14,0))+$H$68*(I72-IF($C$68/2<D72,0.85*Datos!$C$14,0))+$G$68*(J72-IF($E$68<D72,0.85*Datos!$C$14,0)))/1000 -> 2558.9922 | L72: =(0.85*Datos!$C$14*$B$68*D72*($C$68/2-D72/2)+$F$68*(H72-IF($D$68<D72,0.85*Datos!$C$14,0))*($C$68/2-$D$68)+$G$68*(J72-IF($E$68<D72,0.85*Datos!$C$14,0))*($C$68/2-$E$68))/10^6 -> 6.7749828 | M72: =-G72 -> -0.00171 | N72: =IF(M72>=0.005,0.9,IF(M72<=Datos!$C$25/Datos!$C$28,0.65,0.65+(M72-Datos!$C$25/Datos!$C$28)*0.25/(0.005-Datos!$C$25/Datos!$C$28))) -> 0.65 | O72: =MIN(N72*K72,$J$68) -> 1355.1411 | P72: =N72*L72 -> 4.4037388
B73: 1.5 | C73: =B73*$C$68 -> 600 | D73: =MIN(Datos!$C$16*C73,$C$68) -> 400 | E73: =IF(C73=0,0,0.003*(C73-$D$68)/C73) -> 0.00272 | F73: =IF(C73=0,0,0.003*(C73-$C$68/2)/C73) -> 0.002 | G73: =IF(C73=0,0,0.003*(C73-$E$68)/C73) -> 0.00128 | H73: =MAX(-Datos!$C$25,MIN(Datos!$C$25,Datos!$C$28*E73)) -> 420 | I73: =MAX(-Datos!$C$25,MIN(Datos!$C$25,Datos!$C$28*F73)) -> 400 | J73: =MAX(-Datos!$C$25,MIN(Datos!$C$25,Datos!$C$28*G73)) -> 256 | K73: =(0.85*Datos!$C$14*$B$68*D73+$F$68*(H73-IF($D$68<D73,0.85*Datos!$C$14,0))+$H$68*(I73-IF($C$68/2<D73,0.85*Datos!$C$14,0))+$G$68*(J73-IF($E$68<D73,0.85*Datos!$C$14,0)))/1000 -> 2507.1182 | L73: =(0.85*Datos!$C$14*$B$68*D73*($C$68/2-D73/2)+$F$68*(H73-IF($D$68<D73,0.85*Datos!$C$14,0))*($C$68/2-$D$68)+$G$68*(J73-IF($E$68<D73,0.85*Datos!$C$14,0))*($C$68/2-$E$68))/10^6 -> 14.244836 | M73: =-G73 -> -0.00128 | N73: =IF(M73>=0.005,0.9,IF(M73<=Datos!$C$25/Datos!$C$28,0.65,0.65+(M73-Datos!$C$25/Datos!$C$28)*0.25/(0.005-Datos!$C$25/Datos!$C$28))) -> 0.65 | O73: =MIN(N73*K73,$J$68) -> 1355.1411 | P73: =N73*L73 -> 9.2591431
B74: 1.2 | C74: =B74*$C$68 -> 480 | D74: =MIN(Datos!$C$16*C74,$C$68) -> 400 | E74: =IF(C74=0,0,0.003*(C74-$D$68)/C74) -> 0.00265 | F74: =IF(C74=0,0,0.003*(C74-$C$68/2)/C74) -> 0.00175 | G74: =IF(C74=0,0,0.003*(C74-$E$68)/C74) -> 0.00085 | H74: =MAX(-Datos!$C$25,MIN(Datos!$C$25,Datos!$C$28*E74)) -> 420 | I74: =MAX(-Datos!$C$25,MIN(Datos!$C$25,Datos!$C$28*F74)) -> 350 | J74: =MAX(-Datos!$C$25,MIN(Datos!$C$25,Datos!$C$28*G74)) -> 170 | K74: =(0.85*Datos!$C$14*$B$68*D74+$F$68*(H74-IF($D$68<D74,0.85*Datos!$C$14,0))+$H$68*(I74-IF($C$68/2<D74,0.85*Datos!$C$14,0))+$G$68*(J74-IF($E$68<D74,0.85*Datos!$C$14,0)))/1000 -> 2455.2442 | L74: =(0.85*Datos!$C$14*$B$68*D74*($C$68/2-D74/2)+$F$68*(H74-IF($D$68<D74,0.85*Datos!$C$14,0))*($C$68/2-$D$68)+$G$68*(J74-IF($E$68<D74,0.85*Datos!$C$14,0))*($C$68/2-$E$68))/10^6 -> 21.714688 | M74: =-G74 -> -0.00085 | N74: =IF(M74>=0.005,0.9,IF(M74<=Datos!$C$25/Datos!$C$28,0.65,0.65+(M74-Datos!$C$25/Datos!$C$28)*0.25/(0.005-Datos!$C$25/Datos!$C$28))) -> 0.65 | O74: =MIN(N74*K74,$J$68) -> 1355.1411 | P74: =N74*L74 -> 14.114547
B75: 1 | C75: =B75*$C$68 -> 400 | D75: =MIN(Datos!$C$16*C75,$C$68) -> 340 | E75: =IF(C75=0,0,0.003*(C75-$D$68)/C75) -> 0.00258 | F75: =IF(C75=0,0,0.003*(C75-$C$68/2)/C75) -> 0.0015 | G75: =IF(C75=0,0,0.003*(C75-$E$68)/C75) -> 0.00042 | H75: =MAX(-Datos!$C$25,MIN(Datos!$C$25,Datos!$C$28*E75)) -> 420 | I75: =MAX(-Datos!$C$25,MIN(Datos!$C$25,Datos!$C$28*F75)) -> 300 | J75: =MAX(-Datos!$C$25,MIN(Datos!$C$25,Datos!$C$28*G75)) -> 84 | K75: =(0.85*Datos!$C$14*$B$68*D75+$F$68*(H75-IF($D$68<D75,0.85*Datos!$C$14,0))+$H$68*(I75-IF($C$68/2<D75,0.85*Datos!$C$14,0))+$G$68*(J75-IF($E$68<D75,0.85*Datos!$C$14,0)))/1000 -> 2097.4379 | L75: =(0.85*Datos!$C$14*$B$68*D75*($C$68/2-D75/2)+$F$68*(H75-IF($D$68<D75,0.85*Datos!$C$14,0))*($C$68/2-$D$68)+$G$68*(J75-IF($E$68<D75,0.85*Datos!$C$14,0))*($C$68/2-$E$68))/10^6 -> 81.526293 | M75: =-G75 -> -0.00042 | N75: =IF(M75>=0.005,0.9,IF(M75<=Datos!$C$25/Datos!$C$28,0.65,0.65+(M75-Datos!$C$25/Datos!$C$28)*0.25/(0.005-Datos!$C$25/Datos!$C$28))) -> 0.65 | O75: =MIN(N75*K75,$J$68) -> 1355.1411 | P75: =N75*L75 -> 52.99209
B76: 0.9 | C76: =B76*$C$68 -> 360 | D76: =MIN(Datos!$C$16*C76,$C$68) -> 306 | E76: =IF(C76=0,0,0.003*(C76-$D$68)/C76) -> 0.0025333333 | F76: =IF(C76=0,0,0.003*(C76-$C$68/2)/C76) -> 0.0013333333 | G76: =IF(C76=0,0,0.003*(C76-$E$68)/C76) -> 0.00013333333 | H76: =MAX(-Datos!$C$25,MIN(Datos!$C$25,Datos!$C$28*E76)) -> 420 | I76: =MAX(-Datos!$C$25,MIN(Datos!$C$25,Datos!$C$28*F76)) -> 266.66667 | J76: =MAX(-Datos!$C$25,MIN(Datos!$C$25,Datos!$C$28*G76)) -> 26.666667 | K76: =(0.85*Datos!$C$14*$B$68*D76+$F$68*(H76-IF($D$68<D76,0.85*Datos!$C$14,0))+$H$68*(I76-IF($C$68/2<D76,0.85*Datos!$C$14,0))+$G$68*(J76-IF($E$68<D76,0.85*Datos!$C$14,0)))/1000 -> 1882.2303 | L76: =(0.85*Datos!$C$14*$B$68*D76*($C$68/2-D76/2)+$F$68*(H76-IF($D$68<D76,0.85*Datos!$C$14,0))*($C$68/2-$D$68)+$G$68*(J76-IF($E$68<D76,0.85*Datos!$C$14,0))*($C$68/2-$E$68))/10^6 -> 108.72307 | M76: =-G76 -> -0.00013333333 | N76: =IF(M76>=0.005,0.9,IF(M76<=Datos!$C$25/Datos!$C$28,0.65,0.65+(M76-Datos!$C$25/Datos!$C$28)*0.25/(0.005-Datos!$C$25/Datos!$C$28))) -> 0.65 | O76: =MIN(N76*K76,$J$68) -> 1223.4497 | P76: =N76*L76 -> 70.669995
B77: 0.8 | C77: =B77*$C$68 -> 320 | D77: =MIN(Datos!$C$16*C77,$C$68) -> 272 | E77: =IF(C77=0,0,0.003*(C77-$D$68)/C77) -> 0.002475 | F77: =IF(C77=0,0,0.003*(C77-$C$68/2)/C77) -> 0.001125 | G77: =IF(C77=0,0,0.003*(C77-$E$68)/C77) -> -0.000225 | H77: =MAX(-Datos!$C$25,MIN(Datos!$C$25,Datos!$C$28*E77)) -> 420 | I77: =MAX(-Datos!$C$25,MIN(Datos!$C$25,Datos!$C$28*F77)) -> 225 | J77: =MAX(-Datos!$C$25,MIN(Datos!$C$25,Datos!$C$28*G77)) -> -45 | K77: =(0.85*Datos!$C$14*$B$68*D77+$F$68*(H77-IF($D$68<D77,0.85*Datos!$C$14,0))+$H$68*(I77-IF($C$68/2<D77,0.85*Datos!$C$14,0))+$G$68*(J77-IF($E$68<D77,0.85*Datos!$C$14,0)))/1000 -> 1658.377 | L77: =(0.85*Datos!$C$14*$B$68*D77*($C$68/2-D77/2)+$F$68*(H77-IF($D$68<D77,0.85*Datos!$C$14,0))*($C$68/2-$D$68)+$G$68*(J77-IF($E$68<D77,0.85*Datos!$C$14,0))*($C$68/2-$E$68))/10^6 -> 131.02357 | M77: =-G77 -> 0.000225 | N77: =IF(M77>=0.005,0.9,IF(M77<=Datos!$C$25/Datos!$C$28,0.65,0.65+(M77-Datos!$C$25/Datos!$C$28)*0.25/(0.005-Datos!$C$25/Datos!$C$28))) -> 0.65 | O77: =MIN(N77*K77,$J$68) -> 1077.945 | P77: =N77*L77 -> 85.165322
B78: 0.7 | C78: =B78*$C$68 -> 280 | D78: =MIN(Datos!$C$16*C78,$C$68) -> 238 | E78: =IF(C78=0,0,0.003*(C78-$D$68)/C78) -> 0.0024 | F78: =IF(C78=0,0,0.003*(C78-$C$68/2)/C78) -> 0.00085714286 | G78: =IF(C78=0,0,0.003*(C78-$E$68)/C78) -> -0.00068571429 | H78: =MAX(-Datos!$C$25,MIN(Datos!$C$25,Datos!$C$28*E78)) -> 420 | I78: =MAX(-Datos!$C$25,MIN(Datos!$C$25,Datos!$C$28*F78)) -> 171.42857 | J78: =MAX(-Datos!$C$25,MIN(Datos!$C$25,Datos!$C$28*G78)) -> -137.14286 | K78: =(0.85*Datos!$C$14*$B$68*D78+$F$68*(H78-IF($D$68<D78,0.85*Datos!$C$14,0))+$H$68*(I78-IF($C$68/2<D78,0.85*Datos!$C$14,0))+$G$68*(J78-IF($E$68<D78,0.85*Datos!$C$14,0)))/1000 -> 1422.1727 | L78: =(0.85*Datos!$C$14*$B$68*D78*($C$68/2-D78/2)+$F$68*(H78-IF($D$68<D78,0.85*Datos!$C$14,0))*($C$68/2-$D$68)+$G$68*(J78-IF($E$68<D78,0.85*Datos!$C$14,0))*($C$68/2-$E$68))/10^6 -> 148.96136 | M78: =-G78 -> 0.00068571429 | N78: =IF(M78>=0.005,0.9,IF(M78<=Datos!$C$25/Datos!$C$28,0.65,0.65+(M78-Datos!$C$25/Datos!$C$28)*0.25/(0.005-Datos!$C$25/Datos!$C$28))) -> 0.65 | O78: =MIN(N78*K78,$J$68) -> 924.41226 | P78: =N78*L78 -> 96.824884
B79: 0.6 | C79: =B79*$C$68 -> 240 | D79: =MIN(Datos!$C$16*C79,$C$68) -> 204 | E79: =IF(C79=0,0,0.003*(C79-$D$68)/C79) -> 0.0023 | F79: =IF(C79=0,0,0.003*(C79-$C$68/2)/C79) -> 0.0005 | G79: =IF(C79=0,0,0.003*(C79-$E$68)/C79) -> -0.0013 | H79: =MAX(-Datos!$C$25,MIN(Datos!$C$25,Datos!$C$28*E79)) -> 420 | I79: =MAX(-Datos!$C$25,MIN(Datos!$C$25,Datos!$C$28*F79)) -> 100 | J79: =MAX(-Datos!$C$25,MIN(Datos!$C$25,Datos!$C$28*G79)) -> -260 | K79: =(0.85*Datos!$C$14*$B$68*D79+$F$68*(H79-IF($D$68<D79,0.85*Datos!$C$14,0))+$H$68*(I79-IF($C$68/2<D79,0.85*Datos!$C$14,0))+$G$68*(J79-IF($E$68<D79,0.85*Datos!$C$14,0)))/1000 -> 1167.442 | L79: =(0.85*Datos!$C$14*$B$68*D79*($C$68/2-D79/2)+$F$68*(H79-IF($D$68<D79,0.85*Datos!$C$14,0))*($C$68/2-$D$68)+$G$68*(J79-IF($E$68<D79,0.85*Datos!$C$14,0))*($C$68/2-$E$68))/10^6 -> 163.4257 | M79: =-G79 -> 0.0013 | N79: =IF(M79>=0.005,0.9,IF(M79<=Datos!$C$25/Datos!$C$28,0.65,0.65+(M79-Datos!$C$25/Datos!$C$28)*0.25/(0.005-Datos!$C$25/Datos!$C$28))) -> 0.65 | O79: =MIN(N79*K79,$J$68) -> 758.83732 | P79: =N79*L79 -> 106.22671
B80: 0.5 | C80: =B80*$C$68 -> 200 | D80: =MIN(Datos!$C$16*C80,$C$68) -> 170 | E80: =IF(C80=0,0,0.003*(C80-$D$68)/C80) -> 0.00216 | F80: =IF(C80=0,0,0.003*(C80-$C$68/2)/C80) -> 0 | G80: =IF(C80=0,0,0.003*(C80-$E$68)/C80) -> -0.00216 | H80: =MAX(-Datos!$C$25,MIN(Datos!$C$25,Datos!$C$28*E80)) -> 420 | I80: =MAX(-Datos!$C$25,MIN(Datos!$C$25,Datos!$C$28*F80)) -> 0 | J80: =MAX(-Datos!$C$25,MIN(Datos!$C$25,Datos!$C$28*G80)) -> -420 | K80: =(0.85*Datos!$C$14*$B$68*D80+$F$68*(H80-IF($D$68<D80,0.85*Datos!$C$14,0))+$H$68*(I80-IF($C$68/2<D80,0.85*Datos!$C$14,0))+$G$68*(J80-IF($E$68<D80,0.85*Datos!$C$14,0)))/1000 -> 890.3073 | L80: =(0.85*Datos!$C$14*$B$68*D80*($C$68/2-D80/2)+$F$68*(H80-IF($D$68<D80,0.85*Datos!$C$14,0))*($C$68/2-$D$68)+$G$68*(J80-IF($E$68<D80,0.85*Datos!$C$14,0))*($C$68/2-$E$68))/10^6 -> 174.97498 | M80: =-G80 -> 0.00216 | N80: =IF(M80>=0.005,0.9,IF(M80<=Datos!$C$25/Datos!$C$28,0.65,0.65+(M80-Datos!$C$25/Datos!$C$28)*0.25/(0.005-Datos!$C$25/Datos!$C$28))) -> 0.65517241 | O80: =MIN(N80*K80,$J$68) -> 583.30478 | P80: =N80*L80 -> 114.63878
B81: 0.45 | C81: =B81*$C$68 -> 180 | D81: =MIN(Datos!$C$16*C81,$C$68) -> 153 | E81: =IF(C81=0,0,0.003*(C81-$D$68)/C81) -> 0.0020666667 | F81: =IF(C81=0,0,0.003*(C81-$C$68/2)/C81) -> -0.00033333333 | G81: =IF(C81=0,0,0.003*(C81-$E$68)/C81) -> -0.0027333333 | H81: =MAX(-Datos!$C$25,MIN(Datos!$C$25,Datos!$C$28*E81)) -> 413.33333 | I81: =MAX(-Datos!$C$25,MIN(Datos!$C$25,Datos!$C$28*F81)) -> -66.666667 | J81: =MAX(-Datos!$C$25,MIN(Datos!$C$25,Datos!$C$28*G81)) -> -420 | K81: =(0.85*Datos!$C$14*$B$68*D81+$F$68*(H81-IF($D$68<D81,0.85*Datos!$C$14,0))+$H$68*(I81-IF($C$68/2<D81,0.85*Datos!$C$14,0))+$G$68*(J81-IF($E$68<D81,0.85*Datos!$C$14,0)))/1000 -> 795.97356 | L81: =(0.85*Datos!$C$14*$B$68*D81*($C$68/2-D81/2)+$F$68*(H81-IF($D$68<D81,0.85*Datos!$C$14,0))*($C$68/2-$D$68)+$G$68*(J81-IF($E$68<D81,0.85*Datos!$C$14,0))*($C$68/2-$E$68))/10^6 -> 170.91889 | M81: =-G81 -> 0.0027333333 | N81: =IF(M81>=0.005,0.9,IF(M81<=Datos!$C$25/Datos!$C$28,0.65,0.65+(M81-Datos!$C$25/Datos!$C$28)*0.25/(0.005-Datos!$C$25/Datos!$C$28))) -> 0.7045977 | O81: =MIN(N81*K81,$J$68) -> 560.84114 | P81: =N81*L81 -> 120.42906
... B90: 0.02 | C90: =B90*$C$68 -> 8 | D90: =MIN(Datos!$C$16*C90,$C$68) -> 6.8 | E90: =IF(C90=0,0,0.003*(C90-$D$68)/C90) -> -0.018 | F90: =IF(C90=0,0,0.003*(C90-$C$68/2)/C90) -> -0.072 | G90: =IF(C90=0,0,0.003*(C90-$E$68)/C90) -> -0.126 | H90: =MAX(-Datos!$C$25,MIN(Datos!$C$25,Datos!$C$28*E90)) -> -420 | I90: =MAX(-Datos!$C$25,MIN(Datos!$C$25,Datos!$C$28*F90)) -> -420 | J90: =MAX(-Datos!$C$25,MIN(Datos!$C$25,Datos!$C$28*G90)) -> -420 | K90: =(0.85*Datos!$C$14*$B$68*D90+$F$68*(H90-IF($D$68<D90,0.85*Datos!$C$14,0))+$H$68*(I90-IF($C$68/2<D90,0.85*Datos!$C$14,0))+$G$68*(J90-IF($E$68<D90,0.85*Datos!$C$14,0)))/1000 -> -470.55106 | L90: =(0.85*Datos!$C$14*$B$68*D90*($C$68/2-D90/2)+$F$68*(H90-IF($D$68<D90,0.85*Datos!$C$14,0))*($C$68/2-$D$68)+$G$68*(J90-IF($E$68<D90,0.85*Datos!$C$14,0))*($C$68/2-$E$68))/10^6 -> 7.102175 | M90: =-G90 -> 0.126 | N90: =IF(M90>=0.005,0.9,IF(M90<=Datos!$C$25/Datos!$C$28,0.65,0.65+(M90-Datos!$C$25/Datos!$C$28)*0.25/(0.005-Datos!$C$25/Datos!$C$28))) -> 0.9 | O90: =MIN(N90*K90,$J$68) -> -423.49596 | P90: =N90*L90 -> 6.3919575
B92: φMn disponible para Pu: | P92: =IF(Columnas!$H$18="",0,IF(Columnas!$K$8>$J$68,0,IF(Columnas!$K$8<=$O$90,$P$90,IF(INDEX($O$70:$O$90,SUMPRODUCT(--($O$70:$O$90>=Columnas!$K$8)))=INDEX($O$70:$O$90,SUMPRODUCT(--($O$70:$O$90>=Columnas!$K$8))+1),INDEX($P$70:$P$90,SUMPRODUCT(--($O$70:$O$90>=Columnas!$K$8))),INDEX($P$70:$P$90,SUMPRODUCT(--($O$70:$O$90>=Columnas!$K$8)))+(INDEX($P$70:$P$90,SUMPRODUCT(--($O$70:$O$90>=Columnas!$K$8))+1)-INDEX($P$70:$P$90,SUMPRODUCT(--($O$70:$O$90>=Columnas!$K$8))))*(INDEX($O$70:$O$90,SUMPRODUCT(--($O$70:$O$90>=Columnas!$K$8)))-Columnas!$K$8)/(INDEX($O$70:$O$90,SUMPRODUCT(--($O$70:$O$90>=Columnas!$K$8)))-INDEX($O$70:$O$90,SUMPRODUCT(--($O$70:$O$90>=Columnas!$K$8))+1)))))) -> 102.99682
B93: Punto de diseño (Mu ; Pu): | O93: =Columnas!$L$8 -> 40 | P93: =Columnas!$K$8 -> 212.212
B96: =IF(Columnas!B9="","(columna sin cargar)","Columna "&Columnas!B9&" – "&Columnas!C9&" × "&Columnas!D9&" cm") -> (columna sin cargar)
B97: b [mm] | C97: h [mm] | D97: d1 [mm] | E97: d2 [mm] | F97: As1 [mm²] | G97: As2 [mm²] | H97: As3 [mm²] | I97: Po [kN] | J97: φPn,máx [kN] | K97: φPn,máx (a Columnas)
B98: =IF(Columnas!$H$19="",0,Columnas!$C$9*10) -> 0 | C98: =IF(Columnas!$H$19="",0,Columnas!$D$9*10) -> 0 | D98: =IF(Columnas!$H$19="",0,Columnas!$J$19*10) -> 0 | E98: =C98-D98 -> 0 | F98: =IF(Columnas!$H$19="",0,Columnas!$D$19*(PI()*Columnas!$E$19^2/4)) -> 0 | G98: =F98 -> 0 | H98: =IF(Columnas!$H$19="",0,(Columnas!$C$19-2*Columnas!$D$19)*(PI()*Columnas!$E$19^2/4)) -> 0 | I98: =(0.85*Datos!$C$14*(B98*C98-(F98+G98+H98))+Datos!$C$25*(F98+G98+H98))/1000 -> 0 | J98: =0.8*0.65*I98 -> 0 | K98: =J98 -> 0
B99: c / h | C99: c [mm] | D99: a [mm] | E99: εs1 | F99: εs3 | G99: εs2 | H99: fs1 [MPa] | I99: fs3 [MPa] | J99: fs2 [MPa] | K99: Pn [kN] | L99: Mn [kNm] | M99: εt | N99: φ | O99: φPn [kN] | P99: φMn [kNm]
B100: 100 | C100: =B100*$C$98 -> 0 | D100: =MIN(Datos!$C$16*C100,$C$98) -> 0 | E100: =IF(C100=0,0,0.003*(C100-$D$98)/C100) -> 0 | F100: =IF(C100=0,0,0.003*(C100-$C$98/2)/C100) -> 0 | G100: =IF(C100=0,0,0.003*(C100-$E$98)/C100) -> 0 | H100: =MAX(-Datos!$C$25,MIN(Datos!$C$25,Datos!$C$28*E100)) -> 0 | I100: =MAX(-Datos!$C$25,MIN(Datos!$C$25,Datos!$C$28*F100)) -> 0 | J100: =MAX(-Datos!$C$25,MIN(Datos!$C$25,Datos!$C$28*G100)) -> 0 | K100: =(0.85*Datos!$C$14*$B$98*D100+$F$98*(H100-IF($D$98<D100,0.85*Datos!$C$14,0))+$H$98*(I100-IF($C$98/2<D100,0.85*Datos!$C$14,0))+$G$98*(J100-IF($E$98<D100,0.85*Datos!$C$14,0)))/1000 -> 0 | L100: =(0.85*Datos!$C$14*$B$98*D100*($C$98/2-D100/2)+$F$98*(H100-IF($D$98<D100,0.85*Datos!$C$14,0))*($C$98/2-$D$98)+$G$98*(J100-IF($E$98<D100,0.85*Datos!$C$14,0))*($C$98/2-$E$98))/10^6 -> 0 | M100: =-G100 -> 0 | N100: =IF(M100>=0.005,0.9,IF(M100<=Datos!$C$25/Datos!$C$28,0.65,0.65+(M100-Datos!$C$25/Datos!$C$28)*0.25/(0.005-Datos!$C$25/Datos!$C$28))) -> 0.65 | O100: =MIN(N100*K100,$J$98) -> 0 | P100: =N100*L100 -> 0
B101: 3 | C101: =B101*$C$98 -> 0 | D101: =MIN(Datos!$C$16*C101,$C$98) -> 0 | E101: =IF(C101=0,0,0.003*(C101-$D$98)/C101) -> 0 | F101: =IF(C101=0,0,0.003*(C101-$C$98/2)/C101) -> 0 | G101: =IF(C101=0,0,0.003*(C101-$E$98)/C101) -> 0 | H101: =MAX(-Datos!$C$25,MIN(Datos!$C$25,Datos!$C$28*E101)) -> 0 | I101: =MAX(-Datos!$C$25,MIN(Datos!$C$25,Datos!$C$28*F101)) -> 0 | J101: =MAX(-Datos!$C$25,MIN(Datos!$C$25,Datos!$C$28*G101)) -> 0 | K101: =(0.85*Datos!$C$14*$B$98*D101+$F$98*(H101-IF($D$98<D101,0.85*Datos!$C$14,0))+$H$98*(I101-IF($C$98/2<D101,0.85*Datos!$C$14,0))+$G$98*(J101-IF($E$98<D101,0.85*Datos!$C$14,0)))/1000 -> 0 | L101: =(0.85*Datos!$C$14*$B$98*D101*($C$98/2-D101/2)+$F$98*(H101-IF($D$98<D101,0.85*Datos!$C$14,0))*($C$98/2-$D$98)+$G$98*(J101-IF($E$98<D101,0.85*Datos!$C$14,0))*($C$98/2-$E$98))/10^6 -> 0 | M101: =-G101 -> 0 | N101: =IF(M101>=0.005,0.9,IF(M101<=Datos!$C$25/Datos!$C$28,0.65,0.65+(M101-Datos!$C$25/Datos!$C$28)*0.25/(0.005-Datos!$C$25/Datos!$C$28))) -> 0.65 | O101: =MIN(N101*K101,$J$98) -> 0 | P101: =N101*L101 -> 0
B102: 2 | C102: =B102*$C$98 -> 0 | D102: =MIN(Datos!$C$16*C102,$C$98) -> 0 | E102: =IF(C102=0,0,0.003*(C102-$D$98)/C102) -> 0 | F102: =IF(C102=0,0,0.003*(C102-$C$98/2)/C102) -> 0 | G102: =IF(C102=0,0,0.003*(C102-$E$98)/C102) -> 0 | H102: =MAX(-Datos!$C$25,MIN(Datos!$C$25,Datos!$C$28*E102)) -> 0 | I102: =MAX(-Datos!$C$25,MIN(Datos!$C$25,Datos!$C$28*F102)) -> 0 | J102: =MAX(-Datos!$C$25,MIN(Datos!$C$25,Datos!$C$28*G102)) -> 0 | K102: =(0.85*Datos!$C$14*$B$98*D102+$F$98*(H102-IF($D$98<D102,0.85*Datos!$C$14,0))+$H$98*(I102-IF($C$98/2<D102,0.85*Datos!$C$14,0))+$G$98*(J102-IF($E$98<D102,0.85*Datos!$C$14,0)))/1000 -> 0 | L102: =(0.85*Datos!$C$14*$B$98*D102*($C$98/2-D102/2)+$F$98*(H102-IF($D$98<D102,0.85*Datos!$C$14,0))*($C$98/2-$D$98)+$G$98*(J102-IF($E$98<D102,0.85*Datos!$C$14,0))*($C$98/2-$E$98))/10^6 -> 0 | M102: =-G102 -> 0 | N102: =IF(M102>=0.005,0.9,IF(M102<=Datos!$C$25/Datos!$C$28,0.65,0.65+(M102-Datos!$C$25/Datos!$C$28)*0.25/(0.005-Datos!$C$25/Datos!$C$28))) -> 0.65 | O102: =MIN(N102*K102,$J$98) -> 0 | P102: =N102*L102 -> 0
B103: 1.5 | C103: =B103*$C$98 -> 0 | D103: =MIN(Datos!$C$16*C103,$C$98) -> 0 | E103: =IF(C103=0,0,0.003*(C103-$D$98)/C103) -> 0 | F103: =IF(C103=0,0,0.003*(C103-$C$98/2)/C103) -> 0 | G103: =IF(C103=0,0,0.003*(C103-$E$98)/C103) -> 0 | H103: =MAX(-Datos!$C$25,MIN(Datos!$C$25,Datos!$C$28*E103)) -> 0 | I103: =MAX(-Datos!$C$25,MIN(Datos!$C$25,Datos!$C$28*F103)) -> 0 | J103: =MAX(-Datos!$C$25,MIN(Datos!$C$25,Datos!$C$28*G103)) -> 0 | K103: =(0.85*Datos!$C$14*$B$98*D103+$F$98*(H103-IF($D$98<D103,0.85*Datos!$C$14,0))+$H$98*(I103-IF($C$98/2<D103,0.85*Datos!$C$14,0))+$G$98*(J103-IF($E$98<D103,0.85*Datos!$C$14,0)))/1000 -> 0 | L103: =(0.85*Datos!$C$14*$B$98*D103*($C$98/2-D103/2)+$F$98*(H103-IF($D$98<D103,0.85*Datos!$C$14,0))*($C$98/2-$D$98)+$G$98*(J103-IF($E$98<D103,0.85*Datos!$C$14,0))*($C$98/2-$E$98))/10^6 -> 0 | M103: =-G103 -> 0 | N103: =IF(M103>=0.005,0.9,IF(M103<=Datos!$C$25/Datos!$C$28,0.65,0.65+(M103-Datos!$C$25/Datos!$C$28)*0.25/(0.005-Datos!$C$25/Datos!$C$28))) -> 0.65 | O103: =MIN(N103*K103,$J$98) -> 0 | P103: =N103*L103 -> 0
B104: 1.2 | C104: =B104*$C$98 -> 0 | D104: =MIN(Datos!$C$16*C104,$C$98) -> 0 | E104: =IF(C104=0,0,0.003*(C104-$D$98)/C104) -> 0 | F104: =IF(C104=0,0,0.003*(C104-$C$98/2)/C104) -> 0 | G104: =IF(C104=0,0,0.003*(C104-$E$98)/C104) -> 0 | H104: =MAX(-Datos!$C$25,MIN(Datos!$C$25,Datos!$C$28*E104)) -> 0 | I104: =MAX(-Datos!$C$25,MIN(Datos!$C$25,Datos!$C$28*F104)) -> 0 | J104: =MAX(-Datos!$C$25,MIN(Datos!$C$25,Datos!$C$28*G104)) -> 0 | K104: =(0.85*Datos!$C$14*$B$98*D104+$F$98*(H104-IF($D$98<D104,0.85*Datos!$C$14,0))+$H$98*(I104-IF($C$98/2<D104,0.85*Datos!$C$14,0))+$G$98*(J104-IF($E$98<D104,0.85*Datos!$C$14,0)))/1000 -> 0 | L104: =(0.85*Datos!$C$14*$B$98*D104*($C$98/2-D104/2)+$F$98*(H104-IF($D$98<D104,0.85*Datos!$C$14,0))*($C$98/2-$D$98)+$G$98*(J104-IF($E$98<D104,0.85*Datos!$C$14,0))*($C$98/2-$E$98))/10^6 -> 0 | M104: =-G104 -> 0 | N104: =IF(M104>=0.005,0.9,IF(M104<=Datos!$C$25/Datos!$C$28,0.65,0.65+(M104-Datos!$C$25/Datos!$C$28)*0.25/(0.005-Datos!$C$25/Datos!$C$28))) -> 0.65 | O104: =MIN(N104*K104,$J$98) -> 0 | P104: =N104*L104 -> 0
B105: 1 | C105: =B105*$C$98 -> 0 | D105: =MIN(Datos!$C$16*C105,$C$98) -> 0 | E105: =IF(C105=0,0,0.003*(C105-$D$98)/C105) -> 0 | F105: =IF(C105=0,0,0.003*(C105-$C$98/2)/C105) -> 0 | G105: =IF(C105=0,0,0.003*(C105-$E$98)/C105) -> 0 | H105: =MAX(-Datos!$C$25,MIN(Datos!$C$25,Datos!$C$28*E105)) -> 0 | I105: =MAX(-Datos!$C$25,MIN(Datos!$C$25,Datos!$C$28*F105)) -> 0 | J105: =MAX(-Datos!$C$25,MIN(Datos!$C$25,Datos!$C$28*G105)) -> 0 | K105: =(0.85*Datos!$C$14*$B$98*D105+$F$98*(H105-IF($D$98<D105,0.85*Datos!$C$14,0))+$H$98*(I105-IF($C$98/2<D105,0.85*Datos!$C$14,0))+$G$98*(J105-IF($E$98<D105,0.85*Datos!$C$14,0)))/1000 -> 0 | L105: =(0.85*Datos!$C$14*$B$98*D105*($C$98/2-D105/2)+$F$98*(H105-IF($D$98<D105,0.85*Datos!$C$14,0))*($C$98/2-$D$98)+$G$98*(J105-IF($E$98<D105,0.85*Datos!$C$14,0))*($C$98/2-$E$98))/10^6 -> 0 | M105: =-G105 -> 0 | N105: =IF(M105>=0.005,0.9,IF(M105<=Datos!$C$25/Datos!$C$28,0.65,0.65+(M105-Datos!$C$25/Datos!$C$28)*0.25/(0.005-Datos!$C$25/Datos!$C$28))) -> 0.65 | O105: =MIN(N105*K105,$J$98) -> 0 | P105: =N105*L105 -> 0
B106: 0.9 | C106: =B106*$C$98 -> 0 | D106: =MIN(Datos!$C$16*C106,$C$98) -> 0 | E106: =IF(C106=0,0,0.003*(C106-$D$98)/C106) -> 0 | F106: =IF(C106=0,0,0.003*(C106-$C$98/2)/C106) -> 0 | G106: =IF(C106=0,0,0.003*(C106-$E$98)/C106) -> 0 | H106: =MAX(-Datos!$C$25,MIN(Datos!$C$25,Datos!$C$28*E106)) -> 0 | I106: =MAX(-Datos!$C$25,MIN(Datos!$C$25,Datos!$C$28*F106)) -> 0 | J106: =MAX(-Datos!$C$25,MIN(Datos!$C$25,Datos!$C$28*G106)) -> 0 | K106: =(0.85*Datos!$C$14*$B$98*D106+$F$98*(H106-IF($D$98<D106,0.85*Datos!$C$14,0))+$H$98*(I106-IF($C$98/2<D106,0.85*Datos!$C$14,0))+$G$98*(J106-IF($E$98<D106,0.85*Datos!$C$14,0)))/1000 -> 0 | L106: =(0.85*Datos!$C$14*$B$98*D106*($C$98/2-D106/2)+$F$98*(H106-IF($D$98<D106,0.85*Datos!$C$14,0))*($C$98/2-$D$98)+$G$98*(J106-IF($E$98<D106,0.85*Datos!$C$14,0))*($C$98/2-$E$98))/10^6 -> 0 | M106: =-G106 -> 0 | N106: =IF(M106>=0.005,0.9,IF(M106<=Datos!$C$25/Datos!$C$28,0.65,0.65+(M106-Datos!$C$25/Datos!$C$28)*0.25/(0.005-Datos!$C$25/Datos!$C$28))) -> 0.65 | O106: =MIN(N106*K106,$J$98) -> 0 | P106: =N106*L106 -> 0
B107: 0.8 | C107: =B107*$C$98 -> 0 | D107: =MIN(Datos!$C$16*C107,$C$98) -> 0 | E107: =IF(C107=0,0,0.003*(C107-$D$98)/C107) -> 0 | F107: =IF(C107=0,0,0.003*(C107-$C$98/2)/C107) -> 0 | G107: =IF(C107=0,0,0.003*(C107-$E$98)/C107) -> 0 | H107: =MAX(-Datos!$C$25,MIN(Datos!$C$25,Datos!$C$28*E107)) -> 0 | I107: =MAX(-Datos!$C$25,MIN(Datos!$C$25,Datos!$C$28*F107)) -> 0 | J107: =MAX(-Datos!$C$25,MIN(Datos!$C$25,Datos!$C$28*G107)) -> 0 | K107: =(0.85*Datos!$C$14*$B$98*D107+$F$98*(H107-IF($D$98<D107,0.85*Datos!$C$14,0))+$H$98*(I107-IF($C$98/2<D107,0.85*Datos!$C$14,0))+$G$98*(J107-IF($E$98<D107,0.85*Datos!$C$14,0)))/1000 -> 0 | L107: =(0.85*Datos!$C$14*$B$98*D107*($C$98/2-D107/2)+$F$98*(H107-IF($D$98<D107,0.85*Datos!$C$14,0))*($C$98/2-$D$98)+$G$98*(J107-IF($E$98<D107,0.85*Datos!$C$14,0))*($C$98/2-$E$98))/10^6 -> 0 | M107: =-G107 -> 0 | N107: =IF(M107>=0.005,0.9,IF(M107<=Datos!$C$25/Datos!$C$28,0.65,0.65+(M107-Datos!$C$25/Datos!$C$28)*0.25/(0.005-Datos!$C$25/Datos!$C$28))) -> 0.65 | O107: =MIN(N107*K107,$J$98) -> 0 | P107: =N107*L107 -> 0
B108: 0.7 | C108: =B108*$C$98 -> 0 | D108: =MIN(Datos!$C$16*C108,$C$98) -> 0 | E108: =IF(C108=0,0,0.003*(C108-$D$98)/C108) -> 0 | F108: =IF(C108=0,0,0.003*(C108-$C$98/2)/C108) -> 0 | G108: =IF(C108=0,0,0.003*(C108-$E$98)/C108) -> 0 | H108: =MAX(-Datos!$C$25,MIN(Datos!$C$25,Datos!$C$28*E108)) -> 0 | I108: =MAX(-Datos!$C$25,MIN(Datos!$C$25,Datos!$C$28*F108)) -> 0 | J108: =MAX(-Datos!$C$25,MIN(Datos!$C$25,Datos!$C$28*G108)) -> 0 | K108: =(0.85*Datos!$C$14*$B$98*D108+$F$98*(H108-IF($D$98<D108,0.85*Datos!$C$14,0))+$H$98*(I108-IF($C$98/2<D108,0.85*Datos!$C$14,0))+$G$98*(J108-IF($E$98<D108,0.85*Datos!$C$14,0)))/1000 -> 0 | L108: =(0.85*Datos!$C$14*$B$98*D108*($C$98/2-D108/2)+$F$98*(H108-IF($D$98<D108,0.85*Datos!$C$14,0))*($C$98/2-$D$98)+$G$98*(J108-IF($E$98<D108,0.85*Datos!$C$14,0))*($C$98/2-$E$98))/10^6 -> 0 | M108: =-G108 -> 0 | N108: =IF(M108>=0.005,0.9,IF(M108<=Datos!$C$25/Datos!$C$28,0.65,0.65+(M108-Datos!$C$25/Datos!$C$28)*0.25/(0.005-Datos!$C$25/Datos!$C$28))) -> 0.65 | O108: =MIN(N108*K108,$J$98) -> 0 | P108: =N108*L108 -> 0
B109: 0.6 | C109: =B109*$C$98 -> 0 | D109: =MIN(Datos!$C$16*C109,$C$98) -> 0 | E109: =IF(C109=0,0,0.003*(C109-$D$98)/C109) -> 0 | F109: =IF(C109=0,0,0.003*(C109-$C$98/2)/C109) -> 0 | G109: =IF(C109=0,0,0.003*(C109-$E$98)/C109) -> 0 | H109: =MAX(-Datos!$C$25,MIN(Datos!$C$25,Datos!$C$28*E109)) -> 0 | I109: =MAX(-Datos!$C$25,MIN(Datos!$C$25,Datos!$C$28*F109)) -> 0 | J109: =MAX(-Datos!$C$25,MIN(Datos!$C$25,Datos!$C$28*G109)) -> 0 | K109: =(0.85*Datos!$C$14*$B$98*D109+$F$98*(H109-IF($D$98<D109,0.85*Datos!$C$14,0))+$H$98*(I109-IF($C$98/2<D109,0.85*Datos!$C$14,0))+$G$98*(J109-IF($E$98<D109,0.85*Datos!$C$14,0)))/1000 -> 0 | L109: =(0.85*Datos!$C$14*$B$98*D109*($C$98/2-D109/2)+$F$98*(H109-IF($D$98<D109,0.85*Datos!$C$14,0))*($C$98/2-$D$98)+$G$98*(J109-IF($E$98<D109,0.85*Datos!$C$14,0))*($C$98/2-$E$98))/10^6 -> 0 | M109: =-G109 -> 0 | N109: =IF(M109>=0.005,0.9,IF(M109<=Datos!$C$25/Datos!$C$28,0.65,0.65+(M109-Datos!$C$25/Datos!$C$28)*0.25/(0.005-Datos!$C$25/Datos!$C$28))) -> 0.65 | O109: =MIN(N109*K109,$J$98) -> 0 | P109: =N109*L109 -> 0
B110: 0.5 | C110: =B110*$C$98 -> 0 | D110: =MIN(Datos!$C$16*C110,$C$98) -> 0 | E110: =IF(C110=0,0,0.003*(C110-$D$98)/C110) -> 0 | F110: =IF(C110=0,0,0.003*(C110-$C$98/2)/C110) -> 0 | G110: =IF(C110=0,0,0.003*(C110-$E$98)/C110) -> 0 | H110: =MAX(-Datos!$C$25,MIN(Datos!$C$25,Datos!$C$28*E110)) -> 0 | I110: =MAX(-Datos!$C$25,MIN(Datos!$C$25,Datos!$C$28*F110)) -> 0 | J110: =MAX(-Datos!$C$25,MIN(Datos!$C$25,Datos!$C$28*G110)) -> 0 | K110: =(0.85*Datos!$C$14*$B$98*D110+$F$98*(H110-IF($D$98<D110,0.85*Datos!$C$14,0))+$H$98*(I110-IF($C$98/2<D110,0.85*Datos!$C$14,0))+$G$98*(J110-IF($E$98<D110,0.85*Datos!$C$14,0)))/1000 -> 0 | L110: =(0.85*Datos!$C$14*$B$98*D110*($C$98/2-D110/2)+$F$98*(H110-IF($D$98<D110,0.85*Datos!$C$14,0))*($C$98/2-$D$98)+$G$98*(J110-IF($E$98<D110,0.85*Datos!$C$14,0))*($C$98/2-$E$98))/10^6 -> 0 | M110: =-G110 -> 0 | N110: =IF(M110>=0.005,0.9,IF(M110<=Datos!$C$25/Datos!$C$28,0.65,0.65+(M110-Datos!$C$25/Datos!$C$28)*0.25/(0.005-Datos!$C$25/Datos!$C$28))) -> 0.65 | O110: =MIN(N110*K110,$J$98) -> 0 | P110: =N110*L110 -> 0
B111: 0.45 | C111: =B111*$C$98 -> 0 | D111: =MIN(Datos!$C$16*C111,$C$98) -> 0 | E111: =IF(C111=0,0,0.003*(C111-$D$98)/C111) -> 0 | F111: =IF(C111=0,0,0.003*(C111-$C$98/2)/C111) -> 0 | G111: =IF(C111=0,0,0.003*(C111-$E$98)/C111) -> 0 | H111: =MAX(-Datos!$C$25,MIN(Datos!$C$25,Datos!$C$28*E111)) -> 0 | I111: =MAX(-Datos!$C$25,MIN(Datos!$C$25,Datos!$C$28*F111)) -> 0 | J111: =MAX(-Datos!$C$25,MIN(Datos!$C$25,Datos!$C$28*G111)) -> 0 | K111: =(0.85*Datos!$C$14*$B$98*D111+$F$98*(H111-IF($D$98<D111,0.85*Datos!$C$14,0))+$H$98*(I111-IF($C$98/2<D111,0.85*Datos!$C$14,0))+$G$98*(J111-IF($E$98<D111,0.85*Datos!$C$14,0)))/1000 -> 0 | L111: =(0.85*Datos!$C$14*$B$98*D111*($C$98/2-D111/2)+$F$98*(H111-IF($D$98<D111,0.85*Datos!$C$14,0))*($C$98/2-$D$98)+$G$98*(J111-IF($E$98<D111,0.85*Datos!$C$14,0))*($C$98/2-$E$98))/10^6 -> 0 | M111: =-G111 -> 0 | N111: =IF(M111>=0.005,0.9,IF(M111<=Datos!$C$25/Datos!$C$28,0.65,0.65+(M111-Datos!$C$25/Datos!$C$28)*0.25/(0.005-Datos!$C$25/Datos!$C$28))) -> 0.65 | O111: =MIN(N111*K111,$J$98) -> 0 | P111: =N111*L111 -> 0
... B120: 0.02 | C120: =B120*$C$98 -> 0 | D120: =MIN(Datos!$C$16*C120,$C$98) -> 0 | E120: =IF(C120=0,0,0.003*(C120-$D$98)/C120) -> 0 | F120: =IF(C120=0,0,0.003*(C120-$C$98/2)/C120) -> 0 | G120: =IF(C120=0,0,0.003*(C120-$E$98)/C120) -> 0 | H120: =MAX(-Datos!$C$25,MIN(Datos!$C$25,Datos!$C$28*E120)) -> 0 | I120: =MAX(-Datos!$C$25,MIN(Datos!$C$25,Datos!$C$28*F120)) -> 0 | J120: =MAX(-Datos!$C$25,MIN(Datos!$C$25,Datos!$C$28*G120)) -> 0 | K120: =(0.85*Datos!$C$14*$B$98*D120+$F$98*(H120-IF($D$98<D120,0.85*Datos!$C$14,0))+$H$98*(I120-IF($C$98/2<D120,0.85*Datos!$C$14,0))+$G$98*(J120-IF($E$98<D120,0.85*Datos!$C$14,0)))/1000 -> 0 | L120: =(0.85*Datos!$C$14*$B$98*D120*($C$98/2-D120/2)+$F$98*(H120-IF($D$98<D120,0.85*Datos!$C$14,0))*($C$98/2-$D$98)+$G$98*(J120-IF($E$98<D120,0.85*Datos!$C$14,0))*($C$98/2-$E$98))/10^6 -> 0 | M120: =-G120 -> 0 | N120: =IF(M120>=0.005,0.9,IF(M120<=Datos!$C$25/Datos!$C$28,0.65,0.65+(M120-Datos!$C$25/Datos!$C$28)*0.25/(0.005-Datos!$C$25/Datos!$C$28))) -> 0.65 | O120: =MIN(N120*K120,$J$98) -> 0 | P120: =N120*L120 -> 0
B122: φMn disponible para Pu: | P122: =IF(Columnas!$H$19="",0,IF(Columnas!$K$9>$J$98,0,IF(Columnas!$K$9<=$O$120,$P$120,IF(INDEX($O$100:$O$120,SUMPRODUCT(--($O$100:$O$120>=Columnas!$K$9)))=INDEX($O$100:$O$120,SUMPRODUCT(--($O$100:$O$120>=Columnas!$K$9))+1),INDEX($P$100:$P$120,SUMPRODUCT(--($O$100:$O$120>=Columnas!$K$9))),INDEX($P$100:$P$120,SUMPRODUCT(--($O$100:$O$120>=Columnas!$K$9)))+(INDEX($P$100:$P$120,SUMPRODUCT(--($O$100:$O$120>=Columnas!$K$9))+1)-INDEX($P$100:$P$120,SUMPRODUCT(--($O$100:$O$120>=Columnas!$K$9))))*(INDEX($O$100:$O$120,SUMPRODUCT(--($O$100:$O$120>=Columnas!$K$9)))-Columnas!$K$9)/(INDEX($O$100:$O$120,SUMPRODUCT(--($O$100:$O$120>=Columnas!$K$9)))-INDEX($O$100:$O$120,SUMPRODUCT(--($O$100:$O$120>=Columnas!$K$9))+1)))))) -> 0
B123: Punto de diseño (Mu ; Pu): | O123: =Columnas!$L$9 -> 0 | P123: =Columnas!$K$9
B126: =IF(Columnas!B10="","(columna sin cargar)","Columna "&Columnas!B10&" – "&Columnas!C10&" × "&Columnas!D10&" cm") -> (columna sin cargar)
B127: b [mm] | C127: h [mm] | D127: d1 [mm] | E127: d2 [mm] | F127: As1 [mm²] | G127: As2 [mm²] | H127: As3 [mm²] | I127: Po [kN] | J127: φPn,máx [kN] | K127: φPn,máx (a Columnas)
B128: =IF(Columnas!$H$20="",0,Columnas!$C$10*10) -> 0 | C128: =IF(Columnas!$H$20="",0,Columnas!$D$10*10) -> 0 | D128: =IF(Columnas!$H$20="",0,Columnas!$J$20*10) -> 0 | E128: =C128-D128 -> 0 | F128: =IF(Columnas!$H$20="",0,Columnas!$D$20*(PI()*Columnas!$E$20^2/4)) -> 0 | G128: =F128 -> 0 | H128: =IF(Columnas!$H$20="",0,(Columnas!$C$20-2*Columnas!$D$20)*(PI()*Columnas!$E$20^2/4)) -> 0 | I128: =(0.85*Datos!$C$14*(B128*C128-(F128+G128+H128))+Datos!$C$25*(F128+G128+H128))/1000 -> 0 | J128: =0.8*0.65*I128 -> 0 | K128: =J128 -> 0
B129: c / h | C129: c [mm] | D129: a [mm] | E129: εs1 | F129: εs3 | G129: εs2 | H129: fs1 [MPa] | I129: fs3 [MPa] | J129: fs2 [MPa] | K129: Pn [kN] | L129: Mn [kNm] | M129: εt | N129: φ | O129: φPn [kN] | P129: φMn [kNm]
B130: 100 | C130: =B130*$C$128 -> 0 | D130: =MIN(Datos!$C$16*C130,$C$128) -> 0 | E130: =IF(C130=0,0,0.003*(C130-$D$128)/C130) -> 0 | F130: =IF(C130=0,0,0.003*(C130-$C$128/2)/C130) -> 0 | G130: =IF(C130=0,0,0.003*(C130-$E$128)/C130) -> 0 | H130: =MAX(-Datos!$C$25,MIN(Datos!$C$25,Datos!$C$28*E130)) -> 0 | I130: =MAX(-Datos!$C$25,MIN(Datos!$C$25,Datos!$C$28*F130)) -> 0 | J130: =MAX(-Datos!$C$25,MIN(Datos!$C$25,Datos!$C$28*G130)) -> 0 | K130: =(0.85*Datos!$C$14*$B$128*D130+$F$128*(H130-IF($D$128<D130,0.85*Datos!$C$14,0))+$H$128*(I130-IF($C$128/2<D130,0.85*Datos!$C$14,0))+$G$128*(J130-IF($E$128<D130,0.85*Datos!$C$14,0)))/1000 -> 0 | L130: =(0.85*Datos!$C$14*$B$128*D130*($C$128/2-D130/2)+$F$128*(H130-IF($D$128<D130,0.85*Datos!$C$14,0))*($C$128/2-$D$128)+$G$128*(J130-IF($E$128<D130,0.85*Datos!$C$14,0))*($C$128/2-$E$128))/10^6 -> 0 | M130: =-G130 -> 0 | N130: =IF(M130>=0.005,0.9,IF(M130<=Datos!$C$25/Datos!$C$28,0.65,0.65+(M130-Datos!$C$25/Datos!$C$28)*0.25/(0.005-Datos!$C$25/Datos!$C$28))) -> 0.65 | O130: =MIN(N130*K130,$J$128) -> 0 | P130: =N130*L130 -> 0
B131: 3 | C131: =B131*$C$128 -> 0 | D131: =MIN(Datos!$C$16*C131,$C$128) -> 0 | E131: =IF(C131=0,0,0.003*(C131-$D$128)/C131) -> 0 | F131: =IF(C131=0,0,0.003*(C131-$C$128/2)/C131) -> 0 | G131: =IF(C131=0,0,0.003*(C131-$E$128)/C131) -> 0 | H131: =MAX(-Datos!$C$25,MIN(Datos!$C$25,Datos!$C$28*E131)) -> 0 | I131: =MAX(-Datos!$C$25,MIN(Datos!$C$25,Datos!$C$28*F131)) -> 0 | J131: =MAX(-Datos!$C$25,MIN(Datos!$C$25,Datos!$C$28*G131)) -> 0 | K131: =(0.85*Datos!$C$14*$B$128*D131+$F$128*(H131-IF($D$128<D131,0.85*Datos!$C$14,0))+$H$128*(I131-IF($C$128/2<D131,0.85*Datos!$C$14,0))+$G$128*(J131-IF($E$128<D131,0.85*Datos!$C$14,0)))/1000 -> 0 | L131: =(0.85*Datos!$C$14*$B$128*D131*($C$128/2-D131/2)+$F$128*(H131-IF($D$128<D131,0.85*Datos!$C$14,0))*($C$128/2-$D$128)+$G$128*(J131-IF($E$128<D131,0.85*Datos!$C$14,0))*($C$128/2-$E$128))/10^6 -> 0 | M131: =-G131 -> 0 | N131: =IF(M131>=0.005,0.9,IF(M131<=Datos!$C$25/Datos!$C$28,0.65,0.65+(M131-Datos!$C$25/Datos!$C$28)*0.25/(0.005-Datos!$C$25/Datos!$C$28))) -> 0.65 | O131: =MIN(N131*K131,$J$128) -> 0 | P131: =N131*L131 -> 0
B132: 2 | C132: =B132*$C$128 -> 0 | D132: =MIN(Datos!$C$16*C132,$C$128) -> 0 | E132: =IF(C132=0,0,0.003*(C132-$D$128)/C132) -> 0 | F132: =IF(C132=0,0,0.003*(C132-$C$128/2)/C132) -> 0 | G132: =IF(C132=0,0,0.003*(C132-$E$128)/C132) -> 0 | H132: =MAX(-Datos!$C$25,MIN(Datos!$C$25,Datos!$C$28*E132)) -> 0 | I132: =MAX(-Datos!$C$25,MIN(Datos!$C$25,Datos!$C$28*F132)) -> 0 | J132: =MAX(-Datos!$C$25,MIN(Datos!$C$25,Datos!$C$28*G132)) -> 0 | K132: =(0.85*Datos!$C$14*$B$128*D132+$F$128*(H132-IF($D$128<D132,0.85*Datos!$C$14,0))+$H$128*(I132-IF($C$128/2<D132,0.85*Datos!$C$14,0))+$G$128*(J132-IF($E$128<D132,0.85*Datos!$C$14,0)))/1000 -> 0 | L132: =(0.85*Datos!$C$14*$B$128*D132*($C$128/2-D132/2)+$F$128*(H132-IF($D$128<D132,0.85*Datos!$C$14,0))*($C$128/2-$D$128)+$G$128*(J132-IF($E$128<D132,0.85*Datos!$C$14,0))*($C$128/2-$E$128))/10^6 -> 0 | M132: =-G132 -> 0 | N132: =IF(M132>=0.005,0.9,IF(M132<=Datos!$C$25/Datos!$C$28,0.65,0.65+(M132-Datos!$C$25/Datos!$C$28)*0.25/(0.005-Datos!$C$25/Datos!$C$28))) -> 0.65 | O132: =MIN(N132*K132,$J$128) -> 0 | P132: =N132*L132 -> 0
B133: 1.5 | C133: =B133*$C$128 -> 0 | D133: =MIN(Datos!$C$16*C133,$C$128) -> 0 | E133: =IF(C133=0,0,0.003*(C133-$D$128)/C133) -> 0 | F133: =IF(C133=0,0,0.003*(C133-$C$128/2)/C133) -> 0 | G133: =IF(C133=0,0,0.003*(C133-$E$128)/C133) -> 0 | H133: =MAX(-Datos!$C$25,MIN(Datos!$C$25,Datos!$C$28*E133)) -> 0 | I133: =MAX(-Datos!$C$25,MIN(Datos!$C$25,Datos!$C$28*F133)) -> 0 | J133: =MAX(-Datos!$C$25,MIN(Datos!$C$25,Datos!$C$28*G133)) -> 0 | K133: =(0.85*Datos!$C$14*$B$128*D133+$F$128*(H133-IF($D$128<D133,0.85*Datos!$C$14,0))+$H$128*(I133-IF($C$128/2<D133,0.85*Datos!$C$14,0))+$G$128*(J133-IF($E$128<D133,0.85*Datos!$C$14,0)))/1000 -> 0 | L133: =(0.85*Datos!$C$14*$B$128*D133*($C$128/2-D133/2)+$F$128*(H133-IF($D$128<D133,0.85*Datos!$C$14,0))*($C$128/2-$D$128)+$G$128*(J133-IF($E$128<D133,0.85*Datos!$C$14,0))*($C$128/2-$E$128))/10^6 -> 0 | M133: =-G133 -> 0 | N133: =IF(M133>=0.005,0.9,IF(M133<=Datos!$C$25/Datos!$C$28,0.65,0.65+(M133-Datos!$C$25/Datos!$C$28)*0.25/(0.005-Datos!$C$25/Datos!$C$28))) -> 0.65 | O133: =MIN(N133*K133,$J$128) -> 0 | P133: =N133*L133 -> 0
B134: 1.2 | C134: =B134*$C$128 -> 0 | D134: =MIN(Datos!$C$16*C134,$C$128) -> 0 | E134: =IF(C134=0,0,0.003*(C134-$D$128)/C134) -> 0 | F134: =IF(C134=0,0,0.003*(C134-$C$128/2)/C134) -> 0 | G134: =IF(C134=0,0,0.003*(C134-$E$128)/C134) -> 0 | H134: =MAX(-Datos!$C$25,MIN(Datos!$C$25,Datos!$C$28*E134)) -> 0 | I134: =MAX(-Datos!$C$25,MIN(Datos!$C$25,Datos!$C$28*F134)) -> 0 | J134: =MAX(-Datos!$C$25,MIN(Datos!$C$25,Datos!$C$28*G134)) -> 0 | K134: =(0.85*Datos!$C$14*$B$128*D134+$F$128*(H134-IF($D$128<D134,0.85*Datos!$C$14,0))+$H$128*(I134-IF($C$128/2<D134,0.85*Datos!$C$14,0))+$G$128*(J134-IF($E$128<D134,0.85*Datos!$C$14,0)))/1000 -> 0 | L134: =(0.85*Datos!$C$14*$B$128*D134*($C$128/2-D134/2)+$F$128*(H134-IF($D$128<D134,0.85*Datos!$C$14,0))*($C$128/2-$D$128)+$G$128*(J134-IF($E$128<D134,0.85*Datos!$C$14,0))*($C$128/2-$E$128))/10^6 -> 0 | M134: =-G134 -> 0 | N134: =IF(M134>=0.005,0.9,IF(M134<=Datos!$C$25/Datos!$C$28,0.65,0.65+(M134-Datos!$C$25/Datos!$C$28)*0.25/(0.005-Datos!$C$25/Datos!$C$28))) -> 0.65 | O134: =MIN(N134*K134,$J$128) -> 0 | P134: =N134*L134 -> 0
B135: 1 | C135: =B135*$C$128 -> 0 | D135: =MIN(Datos!$C$16*C135,$C$128) -> 0 | E135: =IF(C135=0,0,0.003*(C135-$D$128)/C135) -> 0 | F135: =IF(C135=0,0,0.003*(C135-$C$128/2)/C135) -> 0 | G135: =IF(C135=0,0,0.003*(C135-$E$128)/C135) -> 0 | H135: =MAX(-Datos!$C$25,MIN(Datos!$C$25,Datos!$C$28*E135)) -> 0 | I135: =MAX(-Datos!$C$25,MIN(Datos!$C$25,Datos!$C$28*F135)) -> 0 | J135: =MAX(-Datos!$C$25,MIN(Datos!$C$25,Datos!$C$28*G135)) -> 0 | K135: =(0.85*Datos!$C$14*$B$128*D135+$F$128*(H135-IF($D$128<D135,0.85*Datos!$C$14,0))+$H$128*(I135-IF($C$128/2<D135,0.85*Datos!$C$14,0))+$G$128*(J135-IF($E$128<D135,0.85*Datos!$C$14,0)))/1000 -> 0 | L135: =(0.85*Datos!$C$14*$B$128*D135*($C$128/2-D135/2)+$F$128*(H135-IF($D$128<D135,0.85*Datos!$C$14,0))*($C$128/2-$D$128)+$G$128*(J135-IF($E$128<D135,0.85*Datos!$C$14,0))*($C$128/2-$E$128))/10^6 -> 0 | M135: =-G135 -> 0 | N135: =IF(M135>=0.005,0.9,IF(M135<=Datos!$C$25/Datos!$C$28,0.65,0.65+(M135-Datos!$C$25/Datos!$C$28)*0.25/(0.005-Datos!$C$25/Datos!$C$28))) -> 0.65 | O135: =MIN(N135*K135,$J$128) -> 0 | P135: =N135*L135 -> 0
B136: 0.9 | C136: =B136*$C$128 -> 0 | D136: =MIN(Datos!$C$16*C136,$C$128) -> 0 | E136: =IF(C136=0,0,0.003*(C136-$D$128)/C136) -> 0 | F136: =IF(C136=0,0,0.003*(C136-$C$128/2)/C136) -> 0 | G136: =IF(C136=0,0,0.003*(C136-$E$128)/C136) -> 0 | H136: =MAX(-Datos!$C$25,MIN(Datos!$C$25,Datos!$C$28*E136)) -> 0 | I136: =MAX(-Datos!$C$25,MIN(Datos!$C$25,Datos!$C$28*F136)) -> 0 | J136: =MAX(-Datos!$C$25,MIN(Datos!$C$25,Datos!$C$28*G136)) -> 0 | K136: =(0.85*Datos!$C$14*$B$128*D136+$F$128*(H136-IF($D$128<D136,0.85*Datos!$C$14,0))+$H$128*(I136-IF($C$128/2<D136,0.85*Datos!$C$14,0))+$G$128*(J136-IF($E$128<D136,0.85*Datos!$C$14,0)))/1000 -> 0 | L136: =(0.85*Datos!$C$14*$B$128*D136*($C$128/2-D136/2)+$F$128*(H136-IF($D$128<D136,0.85*Datos!$C$14,0))*($C$128/2-$D$128)+$G$128*(J136-IF($E$128<D136,0.85*Datos!$C$14,0))*($C$128/2-$E$128))/10^6 -> 0 | M136: =-G136 -> 0 | N136: =IF(M136>=0.005,0.9,IF(M136<=Datos!$C$25/Datos!$C$28,0.65,0.65+(M136-Datos!$C$25/Datos!$C$28)*0.25/(0.005-Datos!$C$25/Datos!$C$28))) -> 0.65 | O136: =MIN(N136*K136,$J$128) -> 0 | P136: =N136*L136 -> 0
B137: 0.8 | C137: =B137*$C$128 -> 0 | D137: =MIN(Datos!$C$16*C137,$C$128) -> 0 | E137: =IF(C137=0,0,0.003*(C137-$D$128)/C137) -> 0 | F137: =IF(C137=0,0,0.003*(C137-$C$128/2)/C137) -> 0 | G137: =IF(C137=0,0,0.003*(C137-$E$128)/C137) -> 0 | H137: =MAX(-Datos!$C$25,MIN(Datos!$C$25,Datos!$C$28*E137)) -> 0 | I137: =MAX(-Datos!$C$25,MIN(Datos!$C$25,Datos!$C$28*F137)) -> 0 | J137: =MAX(-Datos!$C$25,MIN(Datos!$C$25,Datos!$C$28*G137)) -> 0 | K137: =(0.85*Datos!$C$14*$B$128*D137+$F$128*(H137-IF($D$128<D137,0.85*Datos!$C$14,0))+$H$128*(I137-IF($C$128/2<D137,0.85*Datos!$C$14,0))+$G$128*(J137-IF($E$128<D137,0.85*Datos!$C$14,0)))/1000 -> 0 | L137: =(0.85*Datos!$C$14*$B$128*D137*($C$128/2-D137/2)+$F$128*(H137-IF($D$128<D137,0.85*Datos!$C$14,0))*($C$128/2-$D$128)+$G$128*(J137-IF($E$128<D137,0.85*Datos!$C$14,0))*($C$128/2-$E$128))/10^6 -> 0 | M137: =-G137 -> 0 | N137: =IF(M137>=0.005,0.9,IF(M137<=Datos!$C$25/Datos!$C$28,0.65,0.65+(M137-Datos!$C$25/Datos!$C$28)*0.25/(0.005-Datos!$C$25/Datos!$C$28))) -> 0.65 | O137: =MIN(N137*K137,$J$128) -> 0 | P137: =N137*L137 -> 0
B138: 0.7 | C138: =B138*$C$128 -> 0 | D138: =MIN(Datos!$C$16*C138,$C$128) -> 0 | E138: =IF(C138=0,0,0.003*(C138-$D$128)/C138) -> 0 | F138: =IF(C138=0,0,0.003*(C138-$C$128/2)/C138) -> 0 | G138: =IF(C138=0,0,0.003*(C138-$E$128)/C138) -> 0 | H138: =MAX(-Datos!$C$25,MIN(Datos!$C$25,Datos!$C$28*E138)) -> 0 | I138: =MAX(-Datos!$C$25,MIN(Datos!$C$25,Datos!$C$28*F138)) -> 0 | J138: =MAX(-Datos!$C$25,MIN(Datos!$C$25,Datos!$C$28*G138)) -> 0 | K138: =(0.85*Datos!$C$14*$B$128*D138+$F$128*(H138-IF($D$128<D138,0.85*Datos!$C$14,0))+$H$128*(I138-IF($C$128/2<D138,0.85*Datos!$C$14,0))+$G$128*(J138-IF($E$128<D138,0.85*Datos!$C$14,0)))/1000 -> 0 | L138: =(0.85*Datos!$C$14*$B$128*D138*($C$128/2-D138/2)+$F$128*(H138-IF($D$128<D138,0.85*Datos!$C$14,0))*($C$128/2-$D$128)+$G$128*(J138-IF($E$128<D138,0.85*Datos!$C$14,0))*($C$128/2-$E$128))/10^6 -> 0 | M138: =-G138 -> 0 | N138: =IF(M138>=0.005,0.9,IF(M138<=Datos!$C$25/Datos!$C$28,0.65,0.65+(M138-Datos!$C$25/Datos!$C$28)*0.25/(0.005-Datos!$C$25/Datos!$C$28))) -> 0.65 | O138: =MIN(N138*K138,$J$128) -> 0 | P138: =N138*L138 -> 0
B139: 0.6 | C139: =B139*$C$128 -> 0 | D139: =MIN(Datos!$C$16*C139,$C$128) -> 0 | E139: =IF(C139=0,0,0.003*(C139-$D$128)/C139) -> 0 | F139: =IF(C139=0,0,0.003*(C139-$C$128/2)/C139) -> 0 | G139: =IF(C139=0,0,0.003*(C139-$E$128)/C139) -> 0 | H139: =MAX(-Datos!$C$25,MIN(Datos!$C$25,Datos!$C$28*E139)) -> 0 | I139: =MAX(-Datos!$C$25,MIN(Datos!$C$25,Datos!$C$28*F139)) -> 0 | J139: =MAX(-Datos!$C$25,MIN(Datos!$C$25,Datos!$C$28*G139)) -> 0 | K139: =(0.85*Datos!$C$14*$B$128*D139+$F$128*(H139-IF($D$128<D139,0.85*Datos!$C$14,0))+$H$128*(I139-IF($C$128/2<D139,0.85*Datos!$C$14,0))+$G$128*(J139-IF($E$128<D139,0.85*Datos!$C$14,0)))/1000 -> 0 | L139: =(0.85*Datos!$C$14*$B$128*D139*($C$128/2-D139/2)+$F$128*(H139-IF($D$128<D139,0.85*Datos!$C$14,0))*($C$128/2-$D$128)+$G$128*(J139-IF($E$128<D139,0.85*Datos!$C$14,0))*($C$128/2-$E$128))/10^6 -> 0 | M139: =-G139 -> 0 | N139: =IF(M139>=0.005,0.9,IF(M139<=Datos!$C$25/Datos!$C$28,0.65,0.65+(M139-Datos!$C$25/Datos!$C$28)*0.25/(0.005-Datos!$C$25/Datos!$C$28))) -> 0.65 | O139: =MIN(N139*K139,$J$128) -> 0 | P139: =N139*L139 -> 0
B140: 0.5 | C140: =B140*$C$128 -> 0 | D140: =MIN(Datos!$C$16*C140,$C$128) -> 0 | E140: =IF(C140=0,0,0.003*(C140-$D$128)/C140) -> 0 | F140: =IF(C140=0,0,0.003*(C140-$C$128/2)/C140) -> 0 | G140: =IF(C140=0,0,0.003*(C140-$E$128)/C140) -> 0 | H140: =MAX(-Datos!$C$25,MIN(Datos!$C$25,Datos!$C$28*E140)) -> 0 | I140: =MAX(-Datos!$C$25,MIN(Datos!$C$25,Datos!$C$28*F140)) -> 0 | J140: =MAX(-Datos!$C$25,MIN(Datos!$C$25,Datos!$C$28*G140)) -> 0 | K140: =(0.85*Datos!$C$14*$B$128*D140+$F$128*(H140-IF($D$128<D140,0.85*Datos!$C$14,0))+$H$128*(I140-IF($C$128/2<D140,0.85*Datos!$C$14,0))+$G$128*(J140-IF($E$128<D140,0.85*Datos!$C$14,0)))/1000 -> 0 | L140: =(0.85*Datos!$C$14*$B$128*D140*($C$128/2-D140/2)+$F$128*(H140-IF($D$128<D140,0.85*Datos!$C$14,0))*($C$128/2-$D$128)+$G$128*(J140-IF($E$128<D140,0.85*Datos!$C$14,0))*($C$128/2-$E$128))/10^6 -> 0 | M140: =-G140 -> 0 | N140: =IF(M140>=0.005,0.9,IF(M140<=Datos!$C$25/Datos!$C$28,0.65,0.65+(M140-Datos!$C$25/Datos!$C$28)*0.25/(0.005-Datos!$C$25/Datos!$C$28))) -> 0.65 | O140: =MIN(N140*K140,$J$128) -> 0 | P140: =N140*L140 -> 0
B141: 0.45 | C141: =B141*$C$128 -> 0 | D141: =MIN(Datos!$C$16*C141,$C$128) -> 0 | E141: =IF(C141=0,0,0.003*(C141-$D$128)/C141) -> 0 | F141: =IF(C141=0,0,0.003*(C141-$C$128/2)/C141) -> 0 | G141: =IF(C141=0,0,0.003*(C141-$E$128)/C141) -> 0 | H141: =MAX(-Datos!$C$25,MIN(Datos!$C$25,Datos!$C$28*E141)) -> 0 | I141: =MAX(-Datos!$C$25,MIN(Datos!$C$25,Datos!$C$28*F141)) -> 0 | J141: =MAX(-Datos!$C$25,MIN(Datos!$C$25,Datos!$C$28*G141)) -> 0 | K141: =(0.85*Datos!$C$14*$B$128*D141+$F$128*(H141-IF($D$128<D141,0.85*Datos!$C$14,0))+$H$128*(I141-IF($C$128/2<D141,0.85*Datos!$C$14,0))+$G$128*(J141-IF($E$128<D141,0.85*Datos!$C$14,0)))/1000 -> 0 | L141: =(0.85*Datos!$C$14*$B$128*D141*($C$128/2-D141/2)+$F$128*(H141-IF($D$128<D141,0.85*Datos!$C$14,0))*($C$128/2-$D$128)+$G$128*(J141-IF($E$128<D141,0.85*Datos!$C$14,0))*($C$128/2-$E$128))/10^6 -> 0 | M141: =-G141 -> 0 | N141: =IF(M141>=0.005,0.9,IF(M141<=Datos!$C$25/Datos!$C$28,0.65,0.65+(M141-Datos!$C$25/Datos!$C$28)*0.25/(0.005-Datos!$C$25/Datos!$C$28))) -> 0.65 | O141: =MIN(N141*K141,$J$128) -> 0 | P141: =N141*L141 -> 0
... B150: 0.02 | C150: =B150*$C$128 -> 0 | D150: =MIN(Datos!$C$16*C150,$C$128) -> 0 | E150: =IF(C150=0,0,0.003*(C150-$D$128)/C150) -> 0 | F150: =IF(C150=0,0,0.003*(C150-$C$128/2)/C150) -> 0 | G150: =IF(C150=0,0,0.003*(C150-$E$128)/C150) -> 0 | H150: =MAX(-Datos!$C$25,MIN(Datos!$C$25,Datos!$C$28*E150)) -> 0 | I150: =MAX(-Datos!$C$25,MIN(Datos!$C$25,Datos!$C$28*F150)) -> 0 | J150: =MAX(-Datos!$C$25,MIN(Datos!$C$25,Datos!$C$28*G150)) -> 0 | K150: =(0.85*Datos!$C$14*$B$128*D150+$F$128*(H150-IF($D$128<D150,0.85*Datos!$C$14,0))+$H$128*(I150-IF($C$128/2<D150,0.85*Datos!$C$14,0))+$G$128*(J150-IF($E$128<D150,0.85*Datos!$C$14,0)))/1000 -> 0 | L150: =(0.85*Datos!$C$14*$B$128*D150*($C$128/2-D150/2)+$F$128*(H150-IF($D$128<D150,0.85*Datos!$C$14,0))*($C$128/2-$D$128)+$G$128*(J150-IF($E$128<D150,0.85*Datos!$C$14,0))*($C$128/2-$E$128))/10^6 -> 0 | M150: =-G150 -> 0 | N150: =IF(M150>=0.005,0.9,IF(M150<=Datos!$C$25/Datos!$C$28,0.65,0.65+(M150-Datos!$C$25/Datos!$C$28)*0.25/(0.005-Datos!$C$25/Datos!$C$28))) -> 0.65 | O150: =MIN(N150*K150,$J$128) -> 0 | P150: =N150*L150 -> 0
B152: φMn disponible para Pu: | P152: =IF(Columnas!$H$20="",0,IF(Columnas!$K$10>$J$128,0,IF(Columnas!$K$10<=$O$150,$P$150,IF(INDEX($O$130:$O$150,SUMPRODUCT(--($O$130:$O$150>=Columnas!$K$10)))=INDEX($O$130:$O$150,SUMPRODUCT(--($O$130:$O$150>=Columnas!$K$10))+1),INDEX($P$130:$P$150,SUMPRODUCT(--($O$130:$O$150>=Columnas!$K$10))),INDEX($P$130:$P$150,SUMPRODUCT(--($O$130:$O$150>=Columnas!$K$10)))+(INDEX($P$130:$P$150,SUMPRODUCT(--($O$130:$O$150>=Columnas!$K$10))+1)-INDEX($P$130:$P$150,SUMPRODUCT(--($O$130:$O$150>=Columnas!$K$10))))*(INDEX($O$130:$O$150,SUMPRODUCT(--($O$130:$O$150>=Columnas!$K$10)))-Columnas!$K$10)/(INDEX($O$130:$O$150,SUMPRODUCT(--($O$130:$O$150>=Columnas!$K$10)))-INDEX($O$130:$O$150,SUMPRODUCT(--($O$130:$O$150>=Columnas!$K$10))+1)))))) -> 0
B153: Punto de diseño (Mu ; Pu): | O153: =Columnas!$L$10 -> 0 | P153: =Columnas!$K$10
B156: =IF(Columnas!B11="","(columna sin cargar)","Columna "&Columnas!B11&" – "&Columnas!C11&" × "&Columnas!D11&" cm") -> (columna sin cargar)
B157: b [mm] | C157: h [mm] | D157: d1 [mm] | E157: d2 [mm] | F157: As1 [mm²] | G157: As2 [mm²] | H157: As3 [mm²] | I157: Po [kN] | J157: φPn,máx [kN] | K157: φPn,máx (a Columnas)
B158: =IF(Columnas!$H$21="",0,Columnas!$C$11*10) -> 0 | C158: =IF(Columnas!$H$21="",0,Columnas!$D$11*10) -> 0 | D158: =IF(Columnas!$H$21="",0,Columnas!$J$21*10) -> 0 | E158: =C158-D158 -> 0 | F158: =IF(Columnas!$H$21="",0,Columnas!$D$21*(PI()*Columnas!$E$21^2/4)) -> 0 | G158: =F158 -> 0 | H158: =IF(Columnas!$H$21="",0,(Columnas!$C$21-2*Columnas!$D$21)*(PI()*Columnas!$E$21^2/4)) -> 0 | I158: =(0.85*Datos!$C$14*(B158*C158-(F158+G158+H158))+Datos!$C$25*(F158+G158+H158))/1000 -> 0 | J158: =0.8*0.65*I158 -> 0 | K158: =J158 -> 0
...

Sheet Sismo 1 Accion
A1: ACCIÓN SÍSMICA – MÉTODO ESTÁTICO (INPRES-CIRSOC 103 Parte I)
A2: Define el coeficiente sísmico C, los pesos por nivel, el corte basal V0 y su distribución en altura. Toda la información sísmica se carga solo en esta hoja (en la planilla original estaba repetida y desactualizada en tres hojas).
B4: 1. Datos sísmicos
B5: Zona sísmica (1 a 4) – según el mapa de zonificación y localidad (Cap. 2) | C5: 4
B6: Tipo espectral del suelo (1 = SA/SB/SC · 2 = SD · 3 = SE) | C6: 2
B7: Coeficiente Na | C7: 1
B8: Coeficiente Nv | C8: 1.2
B9: Grupo de la construcción | C9: Grupo B
B10: Factor de riesgo γr | C10: =INDEX('Tablas Sismo'!$H$46:$H$49,MATCH(C9,'Tablas Sismo'!$G$46:$G$49,0)) -> 1
B11: Sistema estructural (Tabla 5.1) | C11: 8 - Encadenada simple (ladrillo macizo)
B12: A – grado de acoplamiento (solo ítem 1, tabiques) | C12: 0
B13: Ar = hw/Lw (solo ítem 1, tabiques) | C13: 1
B14: Factor de reducción R | C14: =IF(LEFT(C11,4)="1 - ",MIN(7,MAX(5/MIN(2,MAX(1,2.5-0.5*C13)),(3*C12+5)/MIN(2,MAX(1,2.5-0.5*C13)))),INDEX('Tablas Sismo'!$C$6:$C$41,MATCH(C11,'Tablas Sismo'!$B$6:$B$41,0))) -> 3
B15: Factor de amplificación de desplazamientos Cd | C15: =INDEX('Tablas Sismo'!$D$6:$D$41,MATCH(C11,'Tablas Sismo'!$B$6:$B$41,0)) -> 2.3
B16: Factor de sobrerresistencia Ωo | C16: =INDEX('Tablas Sismo'!$E$6:$E$41,MATCH(C11,'Tablas Sismo'!$B$6:$B$41,0)) -> 2.5
B17: Altura total de la construcción sobre la base H [m] | C17: 2.9 | D17: m
B18: Sistema para estimar el período aproximado (Tabla 6.2) | C18: Otros sistemas (mampostería, tabiques de H°A°, etc.)
B19: Período calculado T [s] (opcional, dejar vacío si no se calculó) | D19: s
B20: Zona 0 y construcciones del Grupo A₀ en zonas de baja peligrosidad: ver Cap. 2 del reglamento. Na = 1,0 y Nv = 1,2 salvo cercanía a fallas activas (Cap. 3).
B22: 2. Espectro y coeficiente sísmico C
B23: Aceleración pico del suelo as [g] | C23: =INDEX('Tablas Sismo'!$H$6:$H$9,MATCH('Sismo 1 Accion'!$C$5,'Tablas Sismo'!$G$6:$G$9,0)) -> 0.35
B24: Ca (Tabla 3.1; × Na en zonas 3 y 4) | C24: =INDEX('Tablas Sismo'!$J$14:$J$25,MATCH('Sismo 1 Accion'!$C$5*10+'Sismo 1 Accion'!$C$6,'Tablas Sismo'!$I$14:$I$25,0))*IF('Sismo 1 Accion'!$C$5>=3,'Sismo 1 Accion'!$C$7,1) -> 0.4
B25: Cv (Tabla 3.1; × Nv en zonas 3 y 4) | C25: =INDEX('Tablas Sismo'!$K$14:$K$25,MATCH('Sismo 1 Accion'!$C$5*10+'Sismo 1 Accion'!$C$6,'Tablas Sismo'!$I$14:$I$25,0))*IF('Sismo 1 Accion'!$C$5>=3,'Sismo 1 Accion'!$C$8,1) -> 0.708
B26: T3 [s] (Tabla 3.2) | C26: =INDEX('Tablas Sismo'!$I$6:$I$9,MATCH('Sismo 1 Accion'!$C$5,'Tablas Sismo'!$G$6:$G$9,0)) -> 13
B27: T2 = Cv / (2,5·Ca) [s] | C27: =C25/(2.5*C24) -> 0.708 | D27: s
B28: T1 = 0,2·T2 [s] | C28: =0.2*C27 -> 0.1416
B29: Cu (Tabla 6.1) | C29: =INDEX('Tablas Sismo'!$H$30:$H$33,MATCH('Sismo 1 Accion'!$C$5,'Tablas Sismo'!$G$30:$G$33,0)) -> 1.4
B30: Cr (Tabla 6.2) | C30: =INDEX('Tablas Sismo'!$H$38:$H$41,MATCH(C18,'Tablas Sismo'!$G$38:$G$41,0)) -> 0.0488
B31: x (Tabla 6.2) | C31: =INDEX('Tablas Sismo'!$I$38:$I$41,MATCH(C18,'Tablas Sismo'!$G$38:$G$41,0)) -> 0.75
B32: Período aproximado Ta = Cr·H^x [s] | C32: =C30*'Sismo 1 Accion'!$C$17^C31 -> 0.10844719
B33: Período adoptado T [s] (si se calculó: no mayor que Cu·Ta) | C33: =IF(N(C19)>0,MIN(C19,C29*C32),C32) -> 0.10844719 | D33: s
B34: Ordenada espectral Sa(T) [g] | C34: =IF(C33<=C28,C24*(1+1.5*C33/C28),IF(C33<=C27,2.5*C24,IF(C33<=C26,C25/C33,C25*C26/C33^2))) -> 0.85952201
B35: C = 2,5·Ca·γr/R (T ≤ T2) ó Sa·γr/R (T > T2) | C35: =IF(C33<=C27,2.5*C24*C10/C14,C34*C10/C14) -> 0.33333333
B36: C mínimo: 0,8·as·Nv·γr/R (zonas 3 y 4) · 0,11·Ca·γr (zonas 1 y 2) | C36: =IF('Sismo 1 Accion'!$C$5>=3,0.8*C23*'Sismo 1 Accion'!$C$8*C10/C14,0.11*C24*C10) -> 0.112
B37: COEFICIENTE SÍSMICO ADOPTADO C = máx(C ; C mín.) | C37: =MAX(C35,C36) -> 0.33333333
B38: Fracción vertical de la carga permanente Ev/D = 0,5·Ca·γr | C38: =0.5*C24*C10 -> 0.2
B39: Rama del espectro | C39: =IF(C33<=C27,"T ≤ T2: meseta del espectro","T > T2: rama descendente") -> T ≤ T2: meseta del espectro
B40: Para mampostería y tabiques el reglamento propone Ta = 0,0062·H/√Cw (Cap. 6.2.3): con construcciones bajas T resulta menor que T2 y C queda en la meseta, por lo que el resultado no cambia. Si T > T2, calcular T aparte e ingresarlo en la celda 'Período calculado'.
B42: 3. Pesos sísmicos por nivel W = D + f1·L (Art. 3.6 y Tabla 3.3)
B43: Nivel | C43: Altura hk sobre la base [m] | D43: Área de planta [m²] | E43: Tipo de carga | F43: h losa [cm] | G43: Destino para f1 (Tabla 3.3) | H43: D' [kN/m²] | I43: L [kN/m²] | J43: f1 | K43: W losa + cubierta [kN] | L43: W muros [kN] | M43: W otros [kN] | N43: W nivel [kN]
B44: Nivel 1 (techo en vivienda de 1 planta) | C44: 2.9 | D44: 92 | E44: TECHO | F44: 15 | G44: Azoteas y techos inaccesibles | H44: =IF(N(D44)=0,0,IF(E44="TECHO",Cargas!$I$16,Cargas!$I$28)+Datos!$C$17*N(F44)/100) -> 5.89 | I44: =IF(N(D44)=0,0,IF(E44="TECHO",Cargas!$I$34+Cargas!$I$32,Cargas!$I$33+Cargas!$I$35)) -> 1 | J44: =IFERROR(INDEX('Tablas Sismo'!$H$54:$H$57,MATCH(G44,'Tablas Sismo'!$G$54:$G$57,0)),0) -> 0 | K44: =N(D44)*(H44+J44*I44) -> 541.88 | L44: =0.5*SUMIF($C$54:$C$61,1,$H$54:$H$61)+0.5*SUMIF($C$54:$C$61,2,$H$54:$H$61) -> 171.054 | M44: 20 | N44: =K44+L44+N(M44) -> 732.934
B45: Nivel 2 | H45: =IF(N(D45)=0,0,IF(E45="TECHO",Cargas!$I$16,Cargas!$I$28)+Datos!$C$17*N(F45)/100) -> 0 | I45: =IF(N(D45)=0,0,IF(E45="TECHO",Cargas!$I$34+Cargas!$I$32,Cargas!$I$33+Cargas!$I$35)) -> 0 | J45: =IFERROR(INDEX('Tablas Sismo'!$H$54:$H$57,MATCH(G45,'Tablas Sismo'!$G$54:$G$57,0)),0) -> 0 | K45: =N(D45)*(H45+J45*I45) -> 0 | L45: =0.5*SUMIF($C$54:$C$61,2,$H$54:$H$61)+0.5*SUMIF($C$54:$C$61,3,$H$54:$H$61) -> 0 | N45: =K45+L45+N(M45) -> 0
B46: Nivel 3 | H46: =IF(N(D46)=0,0,IF(E46="TECHO",Cargas!$I$16,Cargas!$I$28)+Datos!$C$17*N(F46)/100) -> 0 | I46: =IF(N(D46)=0,0,IF(E46="TECHO",Cargas!$I$34+Cargas!$I$32,Cargas!$I$33+Cargas!$I$35)) -> 0 | J46: =IFERROR(INDEX('Tablas Sismo'!$H$54:$H$57,MATCH(G46,'Tablas Sismo'!$G$54:$G$57,0)),0) -> 0 | K46: =N(D46)*(H46+J46*I46) -> 0 | L46: =0.5*SUMIF($C$54:$C$61,3,$H$54:$H$61)+0.5*SUMIF($C$54:$C$61,4,$H$54:$H$61) -> 0 | N46: =K46+L46+N(M46) -> 0
B47: W muros del nivel k = ½ de los muros del piso k (parte superior) + ½ de los muros del piso k+1 (parte inferior); la mitad inferior del primer piso va a la fundación (Art. 3.6.1). W otros: vigas, columnas, tabiques livianos, tanques, etc.
B51: Pesos de muros por piso
B52: Muros (descripción) | C52: Piso (1, 2, 3) | D52: Longitud total [m] | E52: Espesor [m] | F52: Altura [m] | G52: γ [kN/m³] | H52: Peso [kN]
B53: (ejemplo cargado en la primera fila; reemplazar)
B54: Muros de mampostería de planta baja | C54: 1 | D54: 43 | E54: 0.18 | F54: 2.6 | G54: =Datos!$C$35 -> 17 | H54: =N(D54)*N(E54)*N(F54)*G54 -> 342.108
G55: =Datos!$C$35 -> 17 | H55: =N(D55)*N(E55)*N(F55)*G55 -> 0
G56: =Datos!$C$35 -> 17 | H56: =N(D56)*N(E56)*N(F56)*G56 -> 0
G57: =Datos!$C$35 -> 17 | H57: =N(D57)*N(E57)*N(F57)*G57 -> 0
G58: =Datos!$C$35 -> 17 | H58: =N(D58)*N(E58)*N(F58)*G58 -> 0
G59: =Datos!$C$35 -> 17 | H59: =N(D59)*N(E59)*N(F59)*G59 -> 0
G60: =Datos!$C$35 -> 17 | H60: =N(D60)*N(E60)*N(F60)*G60 -> 0
G61: =Datos!$C$35 -> 17 | H61: =N(D61)*N(E61)*N(F61)*G61 -> 0
B63: 4. Corte basal y distribución en altura
B64: Peso sísmico total W [kN] | C64: =SUM(N44:N46) -> 732.934
B65: Corte basal V0 = C·W [kN] (Art. 6.1) | C65: ='Sismo 1 Accion'!$C$37*'Sismo 1 Accion'!$C$64 -> 244.31133
B66: V0 / W | C66: =IF('Sismo 1 Accion'!$C$64=0,0,'Sismo 1 Accion'!$C$65/'Sismo 1 Accion'!$C$64) -> 0.33333333
B68: Nivel | C68: hk [m] | D68: Wk [kN] | E68: Wk·hk [kN·m] | F68: Fk [kN] | G68: Vk (corte de piso) [kN]
B69: =B44 -> Nivel 1 (techo en vivienda de 1 planta) | C69: =N(C44) -> 2.9 | D69: =N44 -> 732.934 | E69: =C69*D69 -> 2125.5086 | F69: =IF(SUM($E$69:$E$71)=0,0,IF('Sismo 1 Accion'!$C$33<=2*'Sismo 1 Accion'!$C$27,'Sismo 1 Accion'!$C$65*E69/SUM($E$69:$E$71),0.9*'Sismo 1 Accion'!$C$65*E69/SUM($E$69:$E$71)+IF(C69=MAX($C$69:$C$71),0.1*'Sismo 1 Accion'!$C$65,0))) -> 244.31133 | G69: =SUM(F69:$F$71) -> 244.31133
B70: =B45 -> Nivel 2 | C70: =N(C45) -> 0 | D70: =N45 -> 0 | E70: =C70*D70 -> 0 | F70: =IF(SUM($E$69:$E$71)=0,0,IF('Sismo 1 Accion'!$C$33<=2*'Sismo 1 Accion'!$C$27,'Sismo 1 Accion'!$C$65*E70/SUM($E$69:$E$71),0.9*'Sismo 1 Accion'!$C$65*E70/SUM($E$69:$E$71)+IF(C70=MAX($C$69:$C$71),0.1*'Sismo 1 Accion'!$C$65,0))) -> 0 | G70: =SUM(F70:$F$71) -> 0
B71: =B46 -> Nivel 3 | C71: =N(C46) -> 0 | D71: =N46 -> 0 | E71: =C71*D71 -> 0 | F71: =IF(SUM($E$69:$E$71)=0,0,IF('Sismo 1 Accion'!$C$33<=2*'Sismo 1 Accion'!$C$27,'Sismo 1 Accion'!$C$65*E71/SUM($E$69:$E$71),0.9*'Sismo 1 Accion'!$C$65*E71/SUM($E$69:$E$71)+IF(C71=MAX($C$69:$C$71),0.1*'Sismo 1 Accion'!$C$65,0))) -> 0 | G71: =SUM(F71:$F$71) -> 0
B72: Σ | D72: =SUM(D69:D71) -> 732.934 | F72: =SUM(F69:F71) -> 244.31133
B74: Nivel a distribuir en planta en la hoja Sismo 2 (1, 2 o 3) | C74: 1
B75: Fuerza sísmica horizontal F del nivel elegido [kN] | C75: =INDEX(F69:F71,C74) -> 244.31133
B76: Si T ≤ 2·T2: Fk = V0·Wk·hk/Σ(Wi·hi). Si T > 2·T2 se reserva 0,10·V0 en el nivel superior (Art. 6.4). En construcciones de varios niveles repetir la hoja Sismo 2 para cada nivel. Combinaciones con sismo (CIRSOC 201/103): 1,2·D + E + f1·L y 0,9·D + E, con E = Eh ± Ev.

Sheet Sismo 2 Distribucion
A1: CENTROS DE MASA Y RIGIDEZ · TORSIÓN · DISTRIBUCIÓN DE LA FUERZA SÍSMICA EN PLANTA
A2: Reparte la fuerza sísmica del nivel (hoja Sismo 1) entre los elementos resistentes (muros, tabiques, pórticos) en proporción a su rigidez, y agrega el efecto de la torsión (excentricidad inherente CM–CR + accidental, Art. 6.2.4 y Tabla 6.3).
B4: 1. Datos generales
B5: Fuerza sísmica F en cada dirección [kN] | C5: ='Sismo 1 Accion'!$C$75 -> 244.31133 | D5: ← de la hoja Sismo 1 (se puede sobrescribir)
B6: Irregularidad torsional (Tabla 6.3) | C6: Media (5 %)
B7: Excentricidad accidental ea [% de la dimensión] | C7: =IF(LEFT(C6,4)="Baja",0,IF(LEFT(C6,5)="Media",0.05,0.1)) -> 0.05
B8: Dimensión en planta según X: Lx [m] | C8: 8
B9: Dimensión en planta según Y: Ly [m] | C9: 12
B10: Ejes: X horizontal y Y vertical en el plano. Elementos 'X' resisten fuerzas en dirección X (muros paralelos al eje X, posición = coordenada y); elementos 'Y' resisten fuerzas en Y (posición = coordenada x).
B12: 2. Centro de masa (áreas o pesos tributarios)
B13: Descripción | C13: Área o peso | E13: x [m] | F13: y [m]
B14: Cuerpo principal | C14: 80 | E14: 4 | F14: 5
B15: Galería / alero | C15: 16 | E15: 4 | F15: 11
B22: Centro de masa XcM [m] | C22: =IF(SUM(C14:C21)=0,0,SUMPRODUCT(C14:C21,E14:E21)/SUM(C14:C21)) -> 4
B23: Centro de masa YcM [m] | C23: =IF(SUM(C14:C21)=0,0,SUMPRODUCT(C14:C21,F14:F21)/SUM(C14:C21)) -> 6
B25: 3. Elementos resistentes y rigidez R = 1 / ( h³/(3·E·Ie) + 1,2·h/(G·Ae) ) (voladizo con deformación por corte; Ie = 0,4·Ig y Ae = 0,6·Ag)
B26: Elemento | C26: Dir. (X / Y) | D26: Tipo | E26: Espesor e [m] | F26: Longitud L [m] | G26: Altura h [m] | H26: Posición [m] | I26: R manual [kN/m] | J26: E [kN/m²] | K26: G [kN/m²] | L26: Ae [m²] | M26: Ie [m⁴] | N26: R [kN/m] | O26: Rx [kN/m] | P26: Ry [kN/m] | Q26: Rx·y | R26: Ry·x
B27: MX1 | C27: X | D27: Muro de mampostería | E27: 0.18 | F27: 8 | G27: 2.6 | H27: 0 | J27: =IF($B27="",0,IF(D27="Muro de mampostería",Datos!$C$42,Datos!$C$15)*1000) -> 2100000 | K27: =IF($B27="",0,IF(D27="Muro de mampostería",Datos!$C$43,0.4*Datos!$C$15)*1000) -> 420000 | L27: =IF($B27="",0,0.6*N(E27)*N(F27)) -> 0.864 | M27: =IF($B27="",0,0.4*N(E27)*N(F27)^3/12) -> 3.072 | N27: =IF($B27="",0,IF(D27="Pórtico u otro (R manual)",N(I27),IF(OR(M27=0,L27=0),0,1/(G27^3/(3*J27*M27)+1.2*G27/(K27*L27))))) -> 105196.33 | O27: =IF(C27="X",N27,0) -> 105196.33 | P27: =IF(C27="Y",N27,0) -> 0 | Q27: =O27*N(H27) -> 0 | R27: =P27*N(H27) -> 0
B28: MX2 | C28: X | D28: Muro de mampostería | E28: 0.18 | F28: 3 | G28: 2.6 | H28: 5 | J28: =IF($B28="",0,IF(D28="Muro de mampostería",Datos!$C$42,Datos!$C$15)*1000) -> 2100000 | K28: =IF($B28="",0,IF(D28="Muro de mampostería",Datos!$C$43,0.4*Datos!$C$15)*1000) -> 420000 | L28: =IF($B28="",0,0.6*N(E28)*N(F28)) -> 0.324 | M28: =IF($B28="",0,0.4*N(E28)*N(F28)^3/12) -> 0.162 | N28: =IF($B28="",0,IF(D28="Pórtico u otro (R manual)",N(I28),IF(OR(M28=0,L28=0),0,1/(G28^3/(3*J28*M28)+1.2*G28/(K28*L28))))) -> 24907.263 | O28: =IF(C28="X",N28,0) -> 24907.263 | P28: =IF(C28="Y",N28,0) -> 0 | Q28: =O28*N(H28) -> 124536.31 | R28: =P28*N(H28) -> 0
B29: MX3 | C29: X | D29: Muro de mampostería | E29: 0.18 | F29: 8 | G29: 2.6 | H29: 10 | J29: =IF($B29="",0,IF(D29="Muro de mampostería",Datos!$C$42,Datos!$C$15)*1000) -> 2100000 | K29: =IF($B29="",0,IF(D29="Muro de mampostería",Datos!$C$43,0.4*Datos!$C$15)*1000) -> 420000 | L29: =IF($B29="",0,0.6*N(E29)*N(F29)) -> 0.864 | M29: =IF($B29="",0,0.4*N(E29)*N(F29)^3/12) -> 3.072 | N29: =IF($B29="",0,IF(D29="Pórtico u otro (R manual)",N(I29),IF(OR(M29=0,L29=0),0,1/(G29^3/(3*J29*M29)+1.2*G29/(K29*L29))))) -> 105196.33 | O29: =IF(C29="X",N29,0) -> 105196.33 | P29: =IF(C29="Y",N29,0) -> 0 | Q29: =O29*N(H29) -> 1051963.3 | R29: =P29*N(H29) -> 0
B30: MY1 | C30: Y | D30: Muro de mampostería | E30: 0.18 | F30: 10 | G30: 2.6 | H30: 0 | J30: =IF($B30="",0,IF(D30="Muro de mampostería",Datos!$C$42,Datos!$C$15)*1000) -> 2100000 | K30: =IF($B30="",0,IF(D30="Muro de mampostería",Datos!$C$43,0.4*Datos!$C$15)*1000) -> 420000 | L30: =IF($B30="",0,0.6*N(E30)*N(F30)) -> 1.08 | M30: =IF($B30="",0,0.4*N(E30)*N(F30)^3/12) -> 6 | N30: =IF($B30="",0,IF(D30="Pórtico u otro (R manual)",N(I30),IF(OR(M30=0,L30=0),0,1/(G30^3/(3*J30*M30)+1.2*G30/(K30*L30))))) -> 136178.92 | O30: =IF(C30="X",N30,0) -> 0 | P30: =IF(C30="Y",N30,0) -> 136178.92 | Q30: =O30*N(H30) -> 0 | R30: =P30*N(H30) -> 0
B31: MY2 | C31: Y | D31: Muro de mampostería | E31: 0.18 | F31: 4 | G31: 2.6 | H31: 4 | J31: =IF($B31="",0,IF(D31="Muro de mampostería",Datos!$C$42,Datos!$C$15)*1000) -> 2100000 | K31: =IF($B31="",0,IF(D31="Muro de mampostería",Datos!$C$43,0.4*Datos!$C$15)*1000) -> 420000 | L31: =IF($B31="",0,0.6*N(E31)*N(F31)) -> 0.432 | M31: =IF($B31="",0,0.4*N(E31)*N(F31)^3/12) -> 0.384 | N31: =IF($B31="",0,IF(D31="Pórtico u otro (R manual)",N(I31),IF(OR(M31=0,L31=0),0,1/(G31^3/(3*J31*M31)+1.2*G31/(K31*L31))))) -> 40881.438 | O31: =IF(C31="X",N31,0) -> 0 | P31: =IF(C31="Y",N31,0) -> 40881.438 | Q31: =O31*N(H31) -> 0 | R31: =P31*N(H31) -> 163525.75
B32: MY3 | C32: Y | D32: Muro de mampostería | E32: 0.18 | F32: 10 | G32: 2.6 | H32: 8 | J32: =IF($B32="",0,IF(D32="Muro de mampostería",Datos!$C$42,Datos!$C$15)*1000) -> 2100000 | K32: =IF($B32="",0,IF(D32="Muro de mampostería",Datos!$C$43,0.4*Datos!$C$15)*1000) -> 420000 | L32: =IF($B32="",0,0.6*N(E32)*N(F32)) -> 1.08 | M32: =IF($B32="",0,0.4*N(E32)*N(F32)^3/12) -> 6 | N32: =IF($B32="",0,IF(D32="Pórtico u otro (R manual)",N(I32),IF(OR(M32=0,L32=0),0,1/(G32^3/(3*J32*M32)+1.2*G32/(K32*L32))))) -> 136178.92 | O32: =IF(C32="X",N32,0) -> 0 | P32: =IF(C32="Y",N32,0) -> 136178.92 | Q32: =O32*N(H32) -> 0 | R32: =P32*N(H32) -> 1089431.4
J33: =IF($B33="",0,IF(D33="Muro de mampostería",Datos!$C$42,Datos!$C$15)*1000) -> 0 | K33: =IF($B33="",0,IF(D33="Muro de mampostería",Datos!$C$43,0.4*Datos!$C$15)*1000) -> 0 | L33: =IF($B33="",0,0.6*N(E33)*N(F33)) -> 0 | M33: =IF($B33="",0,0.4*N(E33)*N(F33)^3/12) -> 0 | N33: =IF($B33="",0,IF(D33="Pórtico u otro (R manual)",N(I33),IF(OR(M33=0,L33=0),0,1/(G33^3/(3*J33*M33)+1.2*G33/(K33*L33))))) -> 0 | O33: =IF(C33="X",N33,0) -> 0 | P33: =IF(C33="Y",N33,0) -> 0 | Q33: =O33*N(H33) -> 0 | R33: =P33*N(H33) -> 0
J34: =IF($B34="",0,IF(D34="Muro de mampostería",Datos!$C$42,Datos!$C$15)*1000) -> 0 | K34: =IF($B34="",0,IF(D34="Muro de mampostería",Datos!$C$43,0.4*Datos!$C$15)*1000) -> 0 | L34: =IF($B34="",0,0.6*N(E34)*N(F34)) -> 0 | M34: =IF($B34="",0,0.4*N(E34)*N(F34)^3/12) -> 0 | N34: =IF($B34="",0,IF(D34="Pórtico u otro (R manual)",N(I34),IF(OR(M34=0,L34=0),0,1/(G34^3/(3*J34*M34)+1.2*G34/(K34*L34))))) -> 0 | O34: =IF(C34="X",N34,0) -> 0 | P34: =IF(C34="Y",N34,0) -> 0 | Q34: =O34*N(H34) -> 0 | R34: =P34*N(H34) -> 0
J35: =IF($B35="",0,IF(D35="Muro de mampostería",Datos!$C$42,Datos!$C$15)*1000) -> 0 | K35: =IF($B35="",0,IF(D35="Muro de mampostería",Datos!$C$43,0.4*Datos!$C$15)*1000) -> 0 | L35: =IF($B35="",0,0.6*N(E35)*N(F35)) -> 0 | M35: =IF($B35="",0,0.4*N(E35)*N(F35)^3/12) -> 0 | N35: =IF($B35="",0,IF(D35="Pórtico u otro (R manual)",N(I35),IF(OR(M35=0,L35=0),0,1/(G35^3/(3*J35*M35)+1.2*G35/(K35*L35))))) -> 0 | O35: =IF(C35="X",N35,0) -> 0 | P35: =IF(C35="Y",N35,0) -> 0 | Q35: =O35*N(H35) -> 0 | R35: =P35*N(H35) -> 0
J36: =IF($B36="",0,IF(D36="Muro de mampostería",Datos!$C$42,Datos!$C$15)*1000) -> 0 | K36: =IF($B36="",0,IF(D36="Muro de mampostería",Datos!$C$43,0.4*Datos!$C$15)*1000) -> 0 | L36: =IF($B36="",0,0.6*N(E36)*N(F36)) -> 0 | M36: =IF($B36="",0,0.4*N(E36)*N(F36)^3/12) -> 0 | N36: =IF($B36="",0,IF(D36="Pórtico u otro (R manual)",N(I36),IF(OR(M36=0,L36=0),0,1/(G36^3/(3*J36*M36)+1.2*G36/(K36*L36))))) -> 0 | O36: =IF(C36="X",N36,0) -> 0 | P36: =IF(C36="Y",N36,0) -> 0 | Q36: =O36*N(H36) -> 0 | R36: =P36*N(H36) -> 0
J37: =IF($B37="",0,IF(D37="Muro de mampostería",Datos!$C$42,Datos!$C$15)*1000) -> 0 | K37: =IF($B37="",0,IF(D37="Muro de mampostería",Datos!$C$43,0.4*Datos!$C$15)*1000) -> 0 | L37: =IF($B37="",0,0.6*N(E37)*N(F37)) -> 0 | M37: =IF($B37="",0,0.4*N(E37)*N(F37)^3/12) -> 0 | N37: =IF($B37="",0,IF(D37="Pórtico u otro (R manual)",N(I37),IF(OR(M37=0,L37=0),0,1/(G37^3/(3*J37*M37)+1.2*G37/(K37*L37))))) -> 0 | O37: =IF(C37="X",N37,0) -> 0 | P37: =IF(C37="Y",N37,0) -> 0 | Q37: =O37*N(H37) -> 0 | R37: =P37*N(H37) -> 0
J38: =IF($B38="",0,IF(D38="Muro de mampostería",Datos!$C$42,Datos!$C$15)*1000) -> 0 | K38: =IF($B38="",0,IF(D38="Muro de mampostería",Datos!$C$43,0.4*Datos!$C$15)*1000) -> 0 | L38: =IF($B38="",0,0.6*N(E38)*N(F38)) -> 0 | M38: =IF($B38="",0,0.4*N(E38)*N(F38)^3/12) -> 0 | N38: =IF($B38="",0,IF(D38="Pórtico u otro (R manual)",N(I38),IF(OR(M38=0,L38=0),0,1/(G38^3/(3*J38*M38)+1.2*G38/(K38*L38))))) -> 0 | O38: =IF(C38="X",N38,0) -> 0 | P38: =IF(C38="Y",N38,0) -> 0 | Q38: =O38*N(H38) -> 0 | R38: =P38*N(H38) -> 0
J39: =IF($B39="",0,IF(D39="Muro de mampostería",Datos!$C$42,Datos!$C$15)*1000) -> 0 | K39: =IF($B39="",0,IF(D39="Muro de mampostería",Datos!$C$43,0.4*Datos!$C$15)*1000) -> 0 | L39: =IF($B39="",0,0.6*N(E39)*N(F39)) -> 0 | M39: =IF($B39="",0,0.4*N(E39)*N(F39)^3/12) -> 0 | N39: =IF($B39="",0,IF(D39="Pórtico u otro (R manual)",N(I39),IF(OR(M39=0,L39=0),0,1/(G39^3/(3*J39*M39)+1.2*G39/(K39*L39))))) -> 0 | O39: =IF(C39="X",N39,0) -> 0 | P39: =IF(C39="Y",N39,0) -> 0 | Q39: =O39*N(H39) -> 0 | R39: =P39*N(H39) -> 0
J40: =IF($B40="",0,IF(D40="Muro de mampostería",Datos!$C$42,Datos!$C$15)*1000) -> 0 | K40: =IF($B40="",0,IF(D40="Muro de mampostería",Datos!$C$43,0.4*Datos!$C$15)*1000) -> 0 | L40: =IF($B40="",0,0.6*N(E40)*N(F40)) -> 0 | M40: =IF($B40="",0,0.4*N(E40)*N(F40)^3/12) -> 0 | N40: =IF($B40="",0,IF(D40="Pórtico u otro (R manual)",N(I40),IF(OR(M40=0,L40=0),0,1/(G40^3/(3*J40*M40)+1.2*G40/(K40*L40))))) -> 0 | O40: =IF(C40="X",N40,0) -> 0 | P40: =IF(C40="Y",N40,0) -> 0 | Q40: =O40*N(H40) -> 0 | R40: =P40*N(H40) -> 0
B42: 4. Centro de rigidez y excentricidades
B43: ΣRx [kN/m] | C43: =SUM(O27:O40) -> 235299.92
B44: ΣRy [kN/m] | C44: =SUM(P27:P40) -> 313239.28
B45: Centro de rigidez YcR [m] | C45: =IF(C43=0,0,SUM(Q27:Q40)/C43) -> 5
B46: Centro de rigidez XcR [m] | C46: =IF(C44=0,0,SUM(R27:R40)/C44) -> 4
B47: Excentricidad estática ex = XcM − XcR [m] | C47: =C22-C46 -> 0
B48: Excentricidad estática ey = YcM − YcR [m] | C48: =C23-C45 -> 1
B49: Excentricidad accidental eax = ea·Lx [m] | C49: =C7*C8 -> 0.4
B50: Excentricidad accidental eay = ea·Ly [m] | C50: =C7*C9 -> 0.6
B51: ex1 = ex + eax (fuerza en Y, caso 1) | C51: =C47+C49 -> 0.4
B52: ex2 = ex − eax (fuerza en Y, caso 2) | C52: =C47-C49 -> -0.4
B53: ey1 = ey + eay (fuerza en X, caso 1) | C53: =C48+C50 -> 1.6
B54: ey2 = ey − eay (fuerza en X, caso 2) | C54: =C48-C50 -> 0.4
B56: 5. Distribución del corte en los elementos (directo + torsión). V total = V directo + máx(0; Ft caso 1; Ft caso 2)
B57: Elemento | C57: Dir. | D57: Tipo | E57: R [kN/m] | F57: Distancia al CR [m] | G57: R·d² [kN·m²] | H57: V directo [kN] | I57: Ft caso 1 [kN] | J57: Ft caso 2 [kN] | K57: V total de diseño [kN]
B58: =IF(B27="","",B27) -> MX1 | C58: =IF(B27="","",C27) -> X | D58: =IF(B27="","",D27) -> Muro de mampostería | E58: =N27 -> 105196.33 | F58: =IF($B58="",0,IF(C58="X",N(H27)-$C$45,N(H27)-$C$46)) -> -5 | G58: =E58*F58^2 -> 2629908.2 | H58: =IF($B58="",0,'Sismo 2 Distribucion'!$C$5*E58/IF(C58="X",$C$43,$C$44)) -> 109.22509 | I58: =IF(OR($B58="",SUM($G$58:$G$71)=0),0,'Sismo 2 Distribucion'!$C$5*IF(C58="X",$C$53,$C$51)*E58*F58/SUM($G$58:$G$71)) -> -21.378149 | J58: =IF(OR($B58="",SUM($G$58:$G$71)=0),0,'Sismo 2 Distribucion'!$C$5*IF(C58="X",$C$54,$C$52)*E58*F58/SUM($G$58:$G$71)) -> -5.3445373 | K58: =H58+MAX(0,I58,J58) -> 109.22509
B59: =IF(B28="","",B28) -> MX2 | C59: =IF(B28="","",C28) -> X | D59: =IF(B28="","",D28) -> Muro de mampostería | E59: =N28 -> 24907.263 | F59: =IF($B59="",0,IF(C59="X",N(H28)-$C$45,N(H28)-$C$46)) -> 0 | G59: =E59*F59^2 -> 0 | H59: =IF($B59="",0,'Sismo 2 Distribucion'!$C$5*E59/IF(C59="X",$C$43,$C$44)) -> 25.86115 | I59: =IF(OR($B59="",SUM($G$58:$G$71)=0),0,'Sismo 2 Distribucion'!$C$5*IF(C59="X",$C$53,$C$51)*E59*F59/SUM($G$58:$G$71)) -> 0 | J59: =IF(OR($B59="",SUM($G$58:$G$71)=0),0,'Sismo 2 Distribucion'!$C$5*IF(C59="X",$C$54,$C$52)*E59*F59/SUM($G$58:$G$71)) -> 0 | K59: =H59+MAX(0,I59,J59) -> 25.86115
B60: =IF(B29="","",B29) -> MX3 | C60: =IF(B29="","",C29) -> X | D60: =IF(B29="","",D29) -> Muro de mampostería | E60: =N29 -> 105196.33 | F60: =IF($B60="",0,IF(C60="X",N(H29)-$C$45,N(H29)-$C$46)) -> 5 | G60: =E60*F60^2 -> 2629908.2 | H60: =IF($B60="",0,'Sismo 2 Distribucion'!$C$5*E60/IF(C60="X",$C$43,$C$44)) -> 109.22509 | I60: =IF(OR($B60="",SUM($G$58:$G$71)=0),0,'Sismo 2 Distribucion'!$C$5*IF(C60="X",$C$53,$C$51)*E60*F60/SUM($G$58:$G$71)) -> 21.378149 | J60: =IF(OR($B60="",SUM($G$58:$G$71)=0),0,'Sismo 2 Distribucion'!$C$5*IF(C60="X",$C$54,$C$52)*E60*F60/SUM($G$58:$G$71)) -> 5.3445373 | K60: =H60+MAX(0,I60,J60) -> 130.60324
B61: =IF(B30="","",B30) -> MY1 | C61: =IF(B30="","",C30) -> Y | D61: =IF(B30="","",D30) -> Muro de mampostería | E61: =N30 -> 136178.92 | F61: =IF($B61="",0,IF(C61="X",N(H30)-$C$45,N(H30)-$C$46)) -> -4 | G61: =E61*F61^2 -> 2178862.7 | H61: =IF($B61="",0,'Sismo 2 Distribucion'!$C$5*E61/IF(C61="X",$C$43,$C$44)) -> 106.2129 | I61: =IF(OR($B61="",SUM($G$58:$G$71)=0),0,'Sismo 2 Distribucion'!$C$5*IF(C61="X",$C$53,$C$51)*E61*F61/SUM($G$58:$G$71)) -> -5.5348951 | J61: =IF(OR($B61="",SUM($G$58:$G$71)=0),0,'Sismo 2 Distribucion'!$C$5*IF(C61="X",$C$54,$C$52)*E61*F61/SUM($G$58:$G$71)) -> 5.5348951 | K61: =H61+MAX(0,I61,J61) -> 111.7478
B62: =IF(B31="","",B31) -> MY2 | C62: =IF(B31="","",C31) -> Y | D62: =IF(B31="","",D31) -> Muro de mampostería | E62: =N31 -> 40881.438 | F62: =IF($B62="",0,IF(C62="X",N(H31)-$C$45,N(H31)-$C$46)) -> 0 | G62: =E62*F62^2 -> 0 | H62: =IF($B62="",0,'Sismo 2 Distribucion'!$C$5*E62/IF(C62="X",$C$43,$C$44)) -> 31.885525 | I62: =IF(OR($B62="",SUM($G$58:$G$71)=0),0,'Sismo 2 Distribucion'!$C$5*IF(C62="X",$C$53,$C$51)*E62*F62/SUM($G$58:$G$71)) -> 0 | J62: =IF(OR($B62="",SUM($G$58:$G$71)=0),0,'Sismo 2 Distribucion'!$C$5*IF(C62="X",$C$54,$C$52)*E62*F62/SUM($G$58:$G$71)) -> 0 | K62: =H62+MAX(0,I62,J62) -> 31.885525
B63: =IF(B32="","",B32) -> MY3 | C63: =IF(B32="","",C32) -> Y | D63: =IF(B32="","",D32) -> Muro de mampostería | E63: =N32 -> 136178.92 | F63: =IF($B63="",0,IF(C63="X",N(H32)-$C$45,N(H32)-$C$46)) -> 4 | G63: =E63*F63^2 -> 2178862.7 | H63: =IF($B63="",0,'Sismo 2 Distribucion'!$C$5*E63/IF(C63="X",$C$43,$C$44)) -> 106.2129 | I63: =IF(OR($B63="",SUM($G$58:$G$71)=0),0,'Sismo 2 Distribucion'!$C$5*IF(C63="X",$C$53,$C$51)*E63*F63/SUM($G$58:$G$71)) -> 5.5348951 | J63: =IF(OR($B63="",SUM($G$58:$G$71)=0),0,'Sismo 2 Distribucion'!$C$5*IF(C63="X",$C$54,$C$52)*E63*F63/SUM($G$58:$G$71)) -> -5.5348951 | K63: =H63+MAX(0,I63,J63) -> 111.7478
B64: =IF(B33="","",B33) | C64: =IF(B33="","",C33) | D64: =IF(B33="","",D33) | E64: =N33 -> 0 | F64: =IF($B64="",0,IF(C64="X",N(H33)-$C$45,N(H33)-$C$46)) -> 0 | G64: =E64*F64^2 -> 0 | H64: =IF($B64="",0,'Sismo 2 Distribucion'!$C$5*E64/IF(C64="X",$C$43,$C$44)) -> 0 | I64: =IF(OR($B64="",SUM($G$58:$G$71)=0),0,'Sismo 2 Distribucion'!$C$5*IF(C64="X",$C$53,$C$51)*E64*F64/SUM($G$58:$G$71)) -> 0 | J64: =IF(OR($B64="",SUM($G$58:$G$71)=0),0,'Sismo 2 Distribucion'!$C$5*IF(C64="X",$C$54,$C$52)*E64*F64/SUM($G$58:$G$71)) -> 0 | K64: =H64+MAX(0,I64,J64) -> 0
B65: =IF(B34="","",B34) | C65: =IF(B34="","",C34) | D65: =IF(B34="","",D34) | E65: =N34 -> 0 | F65: =IF($B65="",0,IF(C65="X",N(H34)-$C$45,N(H34)-$C$46)) -> 0 | G65: =E65*F65^2 -> 0 | H65: =IF($B65="",0,'Sismo 2 Distribucion'!$C$5*E65/IF(C65="X",$C$43,$C$44)) -> 0 | I65: =IF(OR($B65="",SUM($G$58:$G$71)=0),0,'Sismo 2 Distribucion'!$C$5*IF(C65="X",$C$53,$C$51)*E65*F65/SUM($G$58:$G$71)) -> 0 | J65: =IF(OR($B65="",SUM($G$58:$G$71)=0),0,'Sismo 2 Distribucion'!$C$5*IF(C65="X",$C$54,$C$52)*E65*F65/SUM($G$58:$G$71)) -> 0 | K65: =H65+MAX(0,I65,J65) -> 0
